"id","start_station_id","end_station_id"
139587,63,61
139588,63,61
139589,63,61
139591,63,61
139592,63,61
139627,50,50
139628,50,50
139644,76,50
139647,7,7
139701,72,72
139711,46,46
139773,65,65
139815,64,61
139818,73,73
140014,27,27
140015,63,77
140143,66,67
140214,56,55
140349,27,27
140738,25,26
140808,50,60
141289,56,55
141308,70,56
141329,62,63
141335,54,49
141357,62,64
141384,23,22
141477,2,2
141480,2,2
141484,62,63
141496,76,76
141497,76,76
141528,45,41
141531,49,51
141561,72,48
141563,72,60
141649,39,51
141698,51,71
141704,56,55
141708,62,64
141736,51,49
141805,56,55
141973,63,62
142229,76,7
142330,49,54
142388,72,72
142389,72,72
142460,33,33
142461,33,28
142484,73,76
142485,73,76
142520,54,54
142699,64,61
142787,77,76
142813,63,68
142821,46,45
142856,74,51
142933,51,74
142947,62,63
142961,50,73
142962,50,73
143092,27,28
143153,73,73
143202,63,77
143385,62,64
143572,56,55
143672,66,67
143738,46,42
143742,46,42
143765,5,5
143848,48,48
143851,48,48
144045,42,67
144347,76,67
144457,77,56
144532,46,71
144534,63,77
144786,62,64
144959,13,10
144999,56,55
145077,56,50
145103,50,50
145151,11,12
145170,12,11
145877,63,77
146170,62,64
146338,46,46
146339,46,45
146340,46,45
146342,46,45
146345,39,71
146346,39,71
146428,60,60
146476,64,62
146595,57,39
146919,49,54
146988,26,26
147053,54,49
147062,63,77
147194,75,74
147720,39,39
147813,45,41
147835,47,39
147882,62,63
147901,57,73
147927,50,69
148088,73,74
148193,63,77
148510,7,8
148533,54,49
148599,68,77
148750,56,55
148904,56,55
148980,54,49
149020,56,55
149046,56,55
149098,56,55
149167,35,35
149178,35,35
149196,76,75
149199,76,75
149242,9,8
149276,54,60
149279,54,60
149521,56,55
149702,55,63
149729,74,51
149825,68,57
149961,59,39
149962,46,71
150028,49,54
150073,34,34
150077,34,34
150128,77,56
150218,4,3
150269,72,72
150272,31,72
150316,39,73
150327,54,49
150367,49,54
150395,55,63
150410,58,58
150411,58,58
150444,25,25
150445,25,25
150561,72,76
150590,72,76
150669,57,57
150825,63,77
150842,36,36
151101,70,68
151249,56,55
151290,76,70
151345,56,50
151407,72,72
151514,68,57
151515,68,57
151728,62,63
151730,66,67
151773,42,56
151939,49,54
151962,71,47
152007,22,22
152224,68,57
152315,55,51
152446,62,64
152514,67,66
152560,54,49
152716,41,41
152848,58,10
152883,66,67
152904,76,67
152951,62,63
153221,51,74
153430,49,54
153595,63,77
153745,61,64
153774,49,51
153810,64,61
153859,70,61
154003,10,13
154009,56,55
154014,61,64
154017,77,77
154019,29,29
154042,56,55
154120,56,50
154135,13,10
154217,10,7
154292,63,68
154298,62,63
154313,77,56
154316,62,64
154375,77,60
154376,77,60
154571,66,67
154676,5,3
154973,70,69
155048,70,69
155055,56,55
155056,57,39
155064,63,77
155083,41,75
155519,56,55
155578,64,61
155608,55,63
155613,71,47
155629,56,55
155723,55,63
155724,55,63
155731,66,67
155962,51,74
156003,62,63
156014,36,36
156187,51,74
156339,61,54
156437,54,49
156526,54,49
156533,49,54
156548,41,75
156733,74,51
156826,51,74
156926,10,11
156975,56,55
157124,41,42
157142,4,5
157223,45,41
157299,62,64
157474,27,33
157590,75,77
157615,46,46
157772,14,14
157892,46,46
157940,50,50
157958,49,54
157988,41,57
157997,72,60
158017,50,77
158021,50,77
158075,35,35
158103,67,72
158134,59,58
158135,59,58
158181,56,55
158247,42,50
158257,64,61
158264,63,67
158313,29,28
158322,61,75
158465,55,56
158548,56,55
158556,66,67
158563,22,26
158608,61,61
158615,77,71
158636,74,74
158637,42,42
158641,74,74
158644,42,42
158651,75,75
158652,75,75
158767,62,63
158791,56,58
158797,59,59
158798,59,59
158831,50,50
158832,50,50
158900,11,3
158932,50,50
159042,12,8
159157,56,55
159201,62,64
159234,76,76
159252,76,76
159258,76,76
159268,76,76
159303,55,63
159339,61,64
159352,64,61
159636,64,62
159701,49,54
159742,62,63
159779,54,49
159809,41,42
159883,66,59
160170,56,55
160258,70,65
160259,70,69
160297,4,4
160354,56,55
160383,42,42
160469,56,75
160509,41,45
160610,55,63
160619,77,50
160885,64,61
161044,49,54
161133,54,49
161186,56,55
161243,74,62
161434,74,51
161558,61,64
161568,62,64
161631,64,61
161636,56,55
161694,56,55
161727,56,50
161822,67,55
161835,12,7
162008,49,54
162028,62,63
162118,67,72
162318,61,64
162330,56,55
162353,42,56
162359,62,63
162404,51,74
162469,54,49
162631,66,66
162845,74,51
163142,56,55
163406,66,67
163428,47,42
163430,47,42
163457,4,6
163497,59,58
163654,51,74
163689,67,72
163720,62,63
163793,55,51
164322,74,51
164386,56,55
164419,50,61
164559,62,63
164632,56,55
164703,64,62
164709,62,63
164756,62,63
165429,65,69
165546,62,64
165574,49,54
165579,50,50
165584,62,64
165643,50,76
165649,50,76
165690,75,76
165749,72,72
165821,64,61
165823,67,59
165825,67,59
165831,49,48
165832,49,48
165883,30,30
165897,30,30
165979,4,4
166010,29,29
166100,54,49
166284,75,77
166326,50,60
166329,50,60
166501,56,50
166520,50,56
166611,61,64
166612,64,61
166722,55,63
166785,49,51
166889,56,55
166906,74,51
167067,56,55
167068,62,64
167076,56,55
167083,56,50
167094,62,64
167158,12,8
167244,74,51
167272,48,42
167336,32,27
167345,75,77
167429,66,67
167441,75,55
167514,62,63
167583,64,62
167619,49,54
167836,51,54
167889,63,77
167907,51,50
167961,62,64
168016,22,23
168089,82,41
168108,74,51
168168,61,64
168186,34,38
168240,62,64
168284,36,36
168332,61,64
168338,59,59
168343,59,59
168369,28,28
168379,61,64
168384,74,50
168421,76,47
168529,39,39
168536,39,39
168560,45,41
168594,11,10
168608,51,74
168813,74,51
168814,62,63
169021,66,67
169033,58,59
169071,49,54
169086,77,50
169167,54,49
169452,64,61
169499,74,51
169767,56,50
169770,46,82
169783,46,82
169785,60,77
169787,60,77
169824,63,68
170139,66,67
170232,61,64
170551,71,47
170667,63,77
170803,67,66
170895,74,51
171066,8,8
171099,69,61
171100,61,64
171112,56,55
171145,63,68
171168,45,41
171213,77,48
171215,77,76
171218,41,45
171220,77,76
171222,77,76
171347,55,63
171382,32,32
171472,51,74
171556,74,51
171848,54,49
171993,82,41
172012,56,55
172034,74,51
172049,28,28
172125,56,55
172136,61,64
172199,69,65
172353,51,74
172361,24,32
172414,82,41
172685,51,74
172787,62,63
172829,55,56
172949,72,72
172950,72,72
172989,50,50
173012,42,50
173186,60,66
173192,32,32
173194,32,32
173204,62,63
173230,70,70
173260,74,51
173351,7,11
173477,51,49
173528,39,39
173548,64,61
173572,38,38
173771,64,61
173797,56,55
173950,74,51
174054,66,67
174085,56,55
174093,61,64
174097,67,70
174137,56,50
174144,45,41
174171,41,45
174184,50,60
174185,50,60
174350,71,47
174358,10,11
174374,72,72
174482,56,55
174707,49,54
174863,77,56
174956,50,47
174994,41,75
175141,76,47
175216,74,51
175246,56,55
175451,62,64
175473,56,55
175475,7,11
175498,62,64
175610,45,41
175615,32,32
175631,22,22
175632,22,22
175648,12,11
175679,77,56
175757,50,50
175761,64,61
175824,56,55
175943,64,61
175975,56,56
176087,31,31
176090,31,31
176092,49,54
176184,71,47
176257,50,50
176260,70,77
176284,63,77
176493,74,51
176561,61,64
176628,64,61
176746,62,64
176781,50,55
176827,50,47
176828,50,47
176836,13,6
176843,55,63
176868,62,63
177263,49,54
177276,48,42
177581,56,55
177583,64,61
177671,47,63
177672,47,72
177717,74,51
178126,30,30
178330,74,51
178387,56,55
178409,4,5
178480,56,55
178825,63,77
178881,28,28
178895,49,54
178915,54,51
178942,51,54
178943,2,2
178984,42,48
179019,31,31
179029,82,42
179163,56,55
179418,56,55
179434,69,70
179529,12,11
179591,7,8
179784,32,27
179878,74,51
180067,55,49
180102,77,56
180205,58,59
180212,7,12
180217,63,77
180406,74,51
180417,55,63
180496,8,12
180506,55,63
180609,64,61
180666,11,10
180693,75,76
180759,61,64
180791,55,75
180848,61,69
180862,62,63
180917,11,11
180995,56,50
181047,45,41
181069,56,55
181141,41,45
181176,64,61
181309,49,54
181387,54,49
181433,56,55
181469,54,49
181653,51,76
181662,51,76
181665,51,76
181688,39,57
181731,70,63
181788,75,55
181893,56,55
181980,69,65
182019,64,62
182044,62,64
182097,34,34
182098,62,63
182127,51,55
182139,64,61
182374,56,55
182378,51,74
182586,63,77
182619,55,63
182620,65,63
183014,61,64
183184,50,51
183238,56,55
183316,56,50
183325,51,54
183452,77,56
183463,62,64
183514,76,39
183546,39,57
183555,41,56
183558,73,50
183760,56,55
183871,64,61
183944,70,77
184062,63,68
184172,3,3
184174,63,77
184175,54,49
184176,42,82
184595,71,71
184601,71,71
184608,71,71
184660,71,74
184661,71,74
184671,69,61
184678,57,50
184694,57,50
184757,66,67
184768,56,74
184785,62,64
184825,77,56
184864,57,48
185025,55,63
185026,55,55
185060,66,67
185129,42,56
185214,45,55
185255,49,54
185300,66,67
185546,49,54
185557,72,72
185564,70,70
185580,77,60
185581,77,60
185582,77,60
185603,50,50
185605,50,50
185608,50,50
185611,50,50
185616,50,50
185652,70,70
185656,70,70
185717,47,47
185738,64,76
185769,73,82
185771,73,82
185781,60,54
185806,50,60
186122,38,38
186123,38,38
186124,49,54
186179,64,64
186303,75,73
186329,41,41
186375,54,49
186388,50,74
186421,45,64
186547,51,61
186548,51,51
186682,76,74
186683,76,74
186684,60,60
186686,60,60
186775,75,50
186782,75,50
186785,71,47
186786,71,47
186844,60,41
186866,82,41
187055,55,63
187079,49,54
187134,54,49
187216,50,54
187669,56,55
187785,66,39
187790,66,39
187793,55,63
187894,36,36
187900,34,35
187954,68,73
187986,51,74
188086,51,74
188125,56,55
188242,64,61
188427,56,55
188455,64,61
188491,71,71
188524,71,47
188594,54,49
188600,55,63
188719,56,55
188721,61,64
188812,74,51
188890,70,74
188914,62,49
189046,56,55
189199,55,63
189203,72,59
189239,77,50
189252,77,50
189253,64,62
189261,77,50
189288,62,63
189310,48,47
189328,48,42
189330,42,48
189641,71,47
189683,49,54
189716,11,12
189762,7,11
189811,54,49
189857,54,49
190011,56,55
190012,66,57
190046,70,48
190166,74,51
190263,70,48
190395,74,51
190488,41,68
190542,62,63
190564,64,49
190603,60,60
190605,60,60
190606,60,60
190735,56,55
190865,11,12
190881,64,61
190940,12,11
190984,51,50
191168,57,68
191172,28,28
191194,58,59
191199,63,77
191315,55,63
191410,74,51
191417,56,55
191636,56,55
191668,37,35
191729,12,7
191730,61,60
191823,45,41
191834,22,34
191846,36,36
192212,82,41
192344,14,14
192365,10,10
192432,54,49
192466,8,8
192467,8,8
192536,74,74
192537,74,74
192635,28,28
192636,28,28
192642,45,41
192688,29,29
192706,50,50
192716,50,50
192718,24,24
192719,24,24
192723,68,68
192745,50,50
192746,68,68
192748,68,68
192752,50,50
192753,50,50
192754,50,50
192795,41,41
192800,41,41
192804,50,60
192809,50,60
192814,50,60
192906,66,67
193064,42,70
193096,56,67
193097,56,67
193103,77,77
193104,76,76
193186,46,63
193222,2,2
193223,2,2
193470,22,22
193613,55,63
193719,74,51
193873,41,39
193887,55,63
193897,69,70
193963,71,47
193981,74,50
193985,48,50
194012,56,55
194067,68,57
194111,72,39
194160,62,64
194209,74,51
194245,56,56
194252,60,69
194257,60,69
194336,51,74
194380,56,55
194727,22,22
194811,55,49
194839,77,68
195183,74,51
195372,56,55
195403,65,70
195474,67,67
195488,76,76
195489,76,77
195491,82,60
195492,76,76
195493,76,76
195495,82,60
195498,10,11
195615,60,60
195616,60,60
195620,60,60
195650,51,74
195684,36,36
195761,67,72
196006,54,49
196061,55,56
196143,51,50
196172,70,49
196250,62,63
196278,58,59
196491,56,55
196509,56,50
196564,82,41
196566,31,31
196568,31,31
196573,66,67
196589,62,64
196748,49,54
196842,63,77
197162,73,72
197185,56,55
197324,77,56
197423,4,14
197426,39,46
197431,2,2
197432,7,8
197451,73,73
197592,56,55
197662,64,61
197704,27,32
197840,49,74
197868,55,63
197931,63,77
198013,21,25
198302,56,55
198352,55,49
198461,48,73
198469,48,73
198672,54,49
198703,73,73
198718,62,63
198774,72,50
432713,67,67
432707,60,60
432691,60,60
432690,60,60
432674,59,59
432609,42,73
432608,42,73
432599,65,65
432597,65,65
432572,67,67
432571,67,67
432561,60,60
432560,60,60
432559,75,41
432557,75,41
432536,50,50
432531,50,50
432530,50,50
432491,73,39
432487,76,66
432486,73,39
432482,73,39
432481,73,39
432466,60,71
432360,47,47
432357,47,47
432324,46,55
432318,46,74
432317,46,75
432316,54,49
432146,7,10
432144,7,10
432143,7,10
432086,74,61
432035,76,68
431961,47,47
431958,47,47
431920,82,60
431918,82,60
431883,75,50
431881,76,77
431875,75,50
431861,59,58
431848,45,46
431844,76,45
431843,76,45
431766,50,50
431762,50,50
431612,32,32
431467,74,56
431302,54,49
431233,61,64
431229,34,34
431147,51,74
430940,72,58
430936,48,42
430914,42,82
430913,68,39
430912,68,39
430878,72,73
430876,72,73
430866,76,39
430697,74,74
430696,74,74
430621,67,67
430620,67,67
430571,39,39
430565,39,39
430563,10,11
430510,62,63
430436,70,50
430426,50,55
430320,54,51
430293,55,56
430251,74,51
430012,56,56
430009,73,45
430007,35,35
430006,35,35
430005,35,35
429986,59,72
429617,48,48
429616,48,48
429605,62,63
429357,56,55
429323,76,39
429125,62,64
429117,56,60
429114,22,22
429110,22,22
429100,22,22
429096,22,22
429093,63,68
429057,62,63
428960,73,50
428952,71,71
428950,73,50
428943,71,67
428883,63,62
428872,58,67
428798,66,67
428610,8,12
428556,74,51
428547,61,64
428538,82,41
428520,82,41
428336,74,51
428199,64,77
428137,77,63
428044,62,76
427935,61,64
427748,51,74
427595,51,74
427542,56,55
427314,74,60
427302,68,60
427301,68,60
427284,76,77
427283,76,77
427282,76,77
427238,77,56
427235,11,11
427202,48,42
427134,67,39
427099,71,77
427045,50,50
427040,50,50
427028,10,11
426984,76,67
426934,74,51
426258,56,56
426257,73,45
426251,56,70
426248,56,70
426057,82,42
425966,49,54
425933,41,42
425450,71,71
425300,50,75
425296,50,39
425041,54,48
425040,54,48
424971,70,72
424966,56,50
424520,74,51
424302,61,61
424287,61,61
424165,67,66
424148,56,56
424146,73,45
424137,61,70
423961,54,49
423938,74,74
423928,73,46
423862,82,42
423816,56,55
423529,64,61
423528,64,61
423455,75,77
423303,66,67
423131,50,74
423126,50,74
423065,62,63
422995,73,73
422994,73,73
422988,73,73
422987,73,73
422981,56,55
422915,10,11
422800,55,63
422761,47,39
422760,47,39
422594,82,41
422298,48,72
422284,73,45
422283,67,66
422227,28,28
422209,56,57
422027,58,72
421977,47,71
421972,71,60
421971,71,60
421969,71,71
421967,71,60
421953,51,49
421940,56,77
421923,69,69
421888,37,37
421886,58,60
421878,73,39
421877,73,60
421874,73,60
421845,55,71
421834,71,76
421810,45,58
421809,72,72
421807,46,45
421643,57,69
421624,72,72
421621,72,72
421620,72,72
421600,50,50
421597,50,50
421593,50,50
421591,22,34
421590,22,34
421552,32,32
421551,32,32
421465,65,65
421462,65,70
421459,65,70
421457,50,50
421445,65,70
421444,65,70
421443,50,50
421439,65,65
421411,33,31
421402,71,76
421401,71,76
421372,76,58
421370,76,58
421352,51,74
421343,28,28
421320,68,60
421319,68,60
421289,33,28
421286,33,28
421272,47,47
421265,47,47
421219,59,72
421171,74,50
421121,27,13
420972,69,65
420757,63,77
420656,47,42
420579,66,67
420572,82,42
420532,75,77
420492,71,71
420490,71,71
420487,62,63
420363,65,77
420343,74,77
420317,11,10
420314,10,11
420230,32,27
420166,34,35
420165,66,67
420161,68,57
420159,71,71
420157,71,71
419868,82,41
419635,67,66
419616,73,45
419584,4,84
419548,76,76
419484,63,70
419407,68,57
419303,42,82
418860,73,45
418852,66,67
418845,75,60
418844,75,60
418841,62,63
418831,82,41
418759,50,50
418757,50,50
418728,62,64
418637,3,3
418617,73,73
418616,73,73
418489,55,63
418461,60,60
418400,47,63
417966,56,55
417776,76,42
417775,76,54
417765,56,56
417761,55,63
417760,54,49
417740,69,48
417699,39,57
417661,59,72
417593,54,49
417404,82,42
417345,64,61
417258,50,60
417256,50,67
417213,55,63
417096,75,55
417042,60,75
417039,60,75
417007,66,67
416999,63,55
416969,56,75
416941,62,64
416924,82,42
416899,62,64
416820,51,74
416767,50,42
416742,74,50
416654,67,65
416584,41,50
416578,41,50
416558,51,49
416343,74,51
416029,56,56
416014,73,45
415997,58,58
415995,71,71
415993,71,71
415988,72,48
415809,49,54
415477,63,77
415376,41,55
415365,56,55
415359,51,74
415227,75,56
415187,66,67
415123,75,75
415120,75,75
414973,77,60
414971,77,60
414932,50,50
414862,55,63
414662,74,51
414536,68,57
414461,56,55
414438,67,70
414303,82,70
414199,73,45
414172,64,61
414096,64,69
414065,55,49
413836,49,54
413794,64,61
413644,75,55
413415,66,67
413395,56,55
413346,75,76
413343,55,56
413280,13,10
413218,55,63
413178,60,77
413177,60,77
413162,48,71
413161,48,71
413141,82,42
413139,63,73
413138,63,73
413132,76,59
413122,76,59
412861,2,10
412551,76,47
412481,67,66
412463,73,45
412432,49,54
412402,30,28
412391,30,28
412352,38,36
412134,73,76
412115,77,67
412107,48,77
412106,48,77
412071,61,64
411975,72,39
411974,72,39
411971,62,64
411929,56,55
411908,54,49
411793,71,71
411682,61,64
411622,84,84
411612,75,71
411512,9,80
411511,9,80
411496,62,62
411441,75,76
411438,75,76
411435,71,71
411433,71,71
411432,75,76
411431,71,71
411430,75,76
411401,56,56
411400,56,56
411386,48,66
411382,48,66
411366,50,76
411345,70,70
411333,62,63
411315,49,54
411311,29,29
411300,47,47
411298,47,47
411272,68,46
411264,59,67
411256,77,56
411185,9,9
411176,12,12
411173,62,63
411086,63,68
411064,68,57
410772,63,77
410755,57,70
410754,57,70
410614,59,76
410499,62,64
410489,63,77
410460,76,58
410383,39,71
410380,39,71
410304,60,82
410303,60,82
410249,67,60
409955,61,64
409726,73,45
409614,36,36
409599,54,49
409368,64,61
409191,51,74
409121,56,77
409076,66,67
408978,56,74
408868,54,49
408866,54,49
408796,76,74
408795,35,34
408713,71,66
408712,71,66
408683,73,64
408566,56,55
408069,67,66
408052,73,45
407926,65,70
407713,49,54
407669,82,42
407621,54,49
407601,64,61
407458,56,55
407291,66,67
407260,48,42
407235,62,64
407231,57,57
407164,39,57
406913,70,61
406910,12,16
406907,12,16
406867,70,69
406757,57,39
406313,82,41
406260,73,45
406223,66,67
406151,54,49
405920,58,67
405788,64,61
405501,62,63
405470,48,48
405469,48,48
405459,48,48
405458,48,48
405448,48,48
405428,48,48
405380,66,67
405365,64,61
405358,39,76
404984,59,59
404913,71,76
404830,70,69
404706,74,51
404602,74,51
404563,56,55
404500,82,41
404212,73,45
404211,7,7
404194,56,55
403974,73,46
403859,51,54
403523,56,55
403522,51,74
403331,66,67
403311,10,11
403310,59,58
403277,66,67
403270,48,48
403267,48,48
403266,48,48
403264,48,48
403263,48,48
403228,62,64
403181,67,67
403180,67,67
403086,34,35
403083,34,35
403038,67,72
402971,65,64
402447,55,63
402392,61,70
402374,73,45
402371,68,59
402110,67,66
402093,49,54
402092,49,54
402074,46,60
402068,46,60
402015,60,60
402014,60,60
402001,46,60
402000,46,60
401955,76,69
401934,39,77
401927,45,77
401922,39,69
401920,39,60
401908,39,48
401839,54,70
401837,54,70
401788,55,56
401786,55,56
401745,49,54
401743,54,49
401740,22,22
401704,7,8
401603,7,11
401571,35,28
401496,35,35
401303,55,72
401277,58,58
401276,58,58
400822,82,42
400770,64,61
400447,50,39
400439,50,39
400405,82,41
400273,71,71
400219,46,46
400182,39,76
400131,74,75
400130,74,75
399991,39,76
399975,67,60
399963,28,28
399953,67,60
399952,67,60
399694,74,51
399655,51,49
399622,61,70
399591,73,45
399258,34,34
399131,59,71
399128,59,71
399018,64,61
398938,56,55
398885,51,74
398769,51,74
398760,60,74
398758,60,74
398749,60,74
398748,60,74
398690,49,55
398677,74,73
398673,29,8
398621,82,42
398531,56,74
398420,71,47
398343,63,77
398331,67,72
398241,74,51
398091,56,55
398068,74,51
397722,73,45
397718,11,12
397430,50,59
397293,49,54
396997,56,75
396877,47,63
396801,55,63
396767,49,54
396645,73,60
396641,73,60
396613,74,51
396606,10,11
396347,50,74
396218,74,51
396112,56,55
395863,73,45
395846,61,48
395845,61,48
395667,73,46
395607,64,62
395605,64,61
395435,63,77
395333,57,59
395329,57,59
395184,56,55
394988,41,42
394852,39,77
394791,71,39
394789,71,39
394757,39,39
394714,75,77
394559,68,57
394479,74,51
394294,74,51
394208,39,57
393976,73,45
393921,28,28
393920,42,82
393879,63,77
393756,56,55
393688,82,42
393379,56,55
393377,51,74
393287,60,46
393286,60,46
393139,76,77
393081,71,76
393080,71,76
393063,61,49
392998,74,82
392877,74,51
392873,56,55
392855,70,69
392854,74,60
392838,74,74
392597,56,55
392389,51,49
392321,73,45
392162,70,61
392103,39,42
392088,49,55
391981,8,10
391923,39,77
391921,34,34
391920,39,77
391912,34,34
391896,73,73
391888,73,73
391877,58,59
391856,65,65
391814,77,47
391785,49,54
391773,54,49
391740,77,63
391511,45,41
391476,77,59
391348,70,60
391347,70,60
391342,59,48
391339,67,67
391275,50,66
391272,50,66
391243,63,68
391230,7,7
391211,77,82
391210,77,82
391032,67,72
390425,63,63
390399,45,41
390362,58,58
390350,64,61
390331,75,77
390241,69,61
390210,46,73
390207,46,73
390202,46,73
390200,46,73
390176,47,39
390175,47,39
390136,82,82
390135,82,82
390134,82,82
390106,10,11
389723,55,63
389593,67,39
389589,73,45
389582,51,74
389571,36,36
389533,63,68
389511,47,59
389283,75,77
388971,56,55
388942,51,74
388807,39,57
388732,64,61
388719,68,68
388717,68,68
388597,51,68
388590,51,68
388587,51,68
388571,39,73
388566,39,73
388551,48,42
388526,56,76
388514,46,46
388512,46,73
388511,46,73
388509,64,61
388483,66,67
388472,60,70
388400,55,63
388345,74,51
388107,82,41
388092,55,77
387817,55,63
387809,73,45
387767,36,29
387472,82,42
387282,51,74
386837,64,61
386797,60,67
386794,60,67
386785,69,61
386714,66,66
386707,66,66
386706,64,61
386688,71,75
386687,71,75
386665,64,61
386650,67,75
386649,67,75
386615,34,34
386614,34,34
386596,34,34
386595,34,34
386581,34,34
386580,34,34
386579,34,34
386578,34,34
386555,50,50
386553,50,50
386497,74,51
386368,56,55
385916,56,55
385791,49,54
385717,65,70
385659,41,41
385270,69,69
385130,63,77
385024,35,35
384912,56,55
384789,8,3
384774,35,35
384235,69,70
384183,56,55
384076,73,45
384075,63,77
384065,57,39
383997,70,61
383872,42,50
383731,64,61
383504,48,77
383298,63,62
383265,31,29
383111,7,8
383050,62,76
383014,82,82
382985,39,77
382981,39,77
382980,39,77
382917,55,63
382914,55,63
382880,10,11
382801,56,55
382549,42,82
382470,56,55
382455,82,41
382342,51,74
382320,56,55
382262,73,45
382182,4,70
382143,76,76
382098,39,76
382090,39,42
382088,39,76
382009,48,75
381962,61,70
381934,69,68
381862,68,68
381861,68,68
381813,56,76
381812,56,76
381810,56,75
381781,27,27
381779,27,27
381747,82,41
381688,50,51
381687,54,66
381686,49,74
381684,41,41
381683,41,41
381682,41,41
381636,60,50
381446,27,28
381408,51,48
381407,51,48
381336,64,61
381326,61,64
381289,69,69
381288,69,69
381223,69,69
381219,69,69
381216,69,69
381215,69,69
381194,77,50
381192,77,50
381110,71,71
381109,71,71
381071,56,74
381021,3,2
380964,34,34
380902,56,77
380898,8,10
380838,56,72
380795,77,75
380773,73,46
380689,63,77
380245,64,63
380244,64,63
380176,62,64
380159,71,39
380110,57,74
380092,51,51
380087,51,51
380012,74,61
379931,82,70
379699,82,41
379500,56,55
379313,70,69
379103,61,64
379097,68,57
379008,48,42
378995,82,42
378981,29,29
378571,71,47
378516,60,50
378515,60,50
378469,39,57
378426,77,50
378419,77,50
378251,77,39
378249,77,39
378152,10,11
378089,56,55
377690,70,69
377508,64,61
377423,77,55
377039,49,54
376804,56,55
376795,66,58
376648,42,73
376647,42,73
376627,62,63
376461,47,47
376458,47,47
376247,38,34
376229,56,55
376184,56,50
376118,11,10
376106,10,11
376078,30,30
375882,74,51
375690,56,55
375534,73,45
375530,67,66
375529,67,66
375491,63,68
375253,49,54
375198,55,63
375031,71,71
374978,51,74
374846,67,58
374784,56,55
374657,62,63
374498,47,75
374328,82,42
374004,77,63
373998,74,51
373874,55,63
373779,56,55
373758,74,51
373652,56,50
373485,73,45
373456,56,55
373404,73,45
372873,60,71
372850,63,68
372840,74,51
372835,56,55
372606,62,64
372586,74,51
372498,47,77
372497,45,41
372472,58,58
372471,58,58
372378,74,51
372209,67,72
372165,74,51
372136,82,41
371913,68,57
371848,55,63
371663,67,70
371607,50,39
371595,50,77
371593,50,77
371559,46,71
371548,46,47
371547,46,71
371508,68,68
371507,68,68
371478,60,50
371438,33,33
371419,74,74
371418,74,74
371413,35,35
371412,35,34
371410,71,71
371409,71,71
371406,35,35
371404,35,35
371385,56,55
371358,38,38
371221,28,28
371190,29,29
371050,50,73
371046,29,28
371024,67,72
370963,39,72
370944,28,28
370943,28,28
370942,73,73
370919,22,35
370901,50,50
370855,77,73
370854,77,73
370844,67,59
370841,67,59
370824,50,75
370823,50,75
370788,56,56
370786,56,56
370624,51,74
370599,11,12
370571,9,13
370472,4,4
370430,45,41
370299,42,48
370280,48,42
370170,50,56
370169,50,56
370142,56,56
370089,14,3
370065,14,3
369850,67,45
369794,10,11
369746,37,35
369745,37,35
369741,37,35
369709,82,60
369708,82,60
369651,68,57
369621,47,77
369587,56,55
369578,4,10
369576,4,10
369463,74,50
369176,56,77
369138,71,71
369129,7,8
368971,56,55
368570,8,3
368486,82,42
368342,38,38
368105,56,55
368009,56,50
367917,41,56
367893,68,57
367852,56,55
367837,56,55
367791,56,55
367733,56,55
367611,74,51
367575,56,55
367369,56,55
367367,61,70
367322,73,45
367318,68,63
367261,77,57
367185,55,63
367140,41,56
366931,77,64
366836,54,54
366799,58,59
366768,58,59
366747,56,55
366657,51,74
366534,77,56
366531,62,63
366484,47,75
366298,82,42
366255,55,63
366146,56,55
366133,71,75
366123,71,75
366063,72,63
366048,58,60
366004,74,51
365992,68,57
365966,56,55
365879,56,55
365536,54,49
365535,73,45
365440,77,75
364842,27,27
364841,27,27
364659,56,50
364615,75,77
364386,67,60
364385,67,60
364196,70,70
364160,74,51
364032,56,55
363720,68,57
363714,56,55
363696,56,55
363639,73,45
363590,47,46
363540,57,39
363511,54,49
363392,75,77
362866,61,64
362768,62,64
362739,74,74
362738,74,74
362725,66,67
362555,46,46
362551,46,46
362549,46,46
362461,74,51
362443,56,55
362311,73,58
362307,73,58
362215,74,51
361925,54,49
361923,73,45
361711,56,55
361676,9,84
361581,69,69
361558,41,57
361381,33,33
361367,34,34
361346,50,39
361344,56,55
361321,14,5
361306,75,67
361281,29,32
361280,29,32
361246,10,84
361244,14,2
361243,10,84
360993,71,71
360991,50,50
360990,50,50
360989,50,50
360972,56,75
360925,46,46
360920,46,46
360916,50,82
360903,72,45
360900,72,45
360850,49,69
360845,54,54
360844,54,54
360840,27,27
360826,77,75
360825,77,75
360813,33,33
360795,49,54
360794,54,45
360784,63,77
360688,3,2
360351,57,67
360101,72,72
360100,72,72
359961,47,75
359926,75,51
359919,75,51
359902,76,60
359738,55,63
359653,67,72
359590,56,55
359553,56,50
359445,74,51
359357,38,36
359329,14,2
359230,64,62
359216,56,55
359136,49,54
359102,68,57
358796,69,42
358597,74,51
358336,56,50
358233,3,3
358161,39,75
358156,39,75
358127,76,72
358125,76,72
358087,56,55
358032,56,55
357900,56,55
357794,74,50
357743,74,51
357457,73,45
357447,65,71
357444,65,71
357376,39,57
357274,57,55
357241,54,49
357046,56,55
357007,51,61
356971,8,3
356623,51,54
356566,47,75
356547,82,42
356414,76,58
356413,76,58
356394,28,28
356288,56,55
356276,77,50
356234,56,55
356205,69,67
356006,74,50
355966,71,48
355960,71,48
355893,82,41
355640,73,45
355618,62,63
355587,67,72
355507,63,55
355492,64,70
355437,49,54
355351,56,55
355015,56,55
354665,39,76
354663,39,76
354592,68,57
354591,29,29
354555,56,55
354534,50,74
354453,56,55
354307,74,51
354269,74,50
354152,77,63
354151,46,60
353963,73,45
353951,72,67
353793,54,49
353791,56,50
353587,49,54
353446,51,74
353342,56,55
353306,56,50
353129,47,75
353071,77,56
353039,72,72
353031,74,74
353027,82,41
352972,67,72
352967,61,61
352964,61,61
352923,56,55
352895,74,51
352858,56,55
352449,68,57
352389,56,55
352353,73,45
352319,13,10
352202,56,55
351999,12,12
351998,12,12
351996,7,8
351919,63,77
351886,22,21
351884,22,21
351746,8,7
351728,61,64
351649,50,60
351646,50,60
351554,49,54
351464,60,76
351463,60,76
351442,39,57
351425,51,51
351424,51,51
351408,39,59
351406,39,59
351400,59,39
351371,76,72
351360,58,59
351340,59,72
351336,59,59
351333,59,59
351287,49,54
351224,14,2
351202,11,11
350919,39,72
350918,39,72
350917,39,72
350909,62,64
350907,69,69
350869,60,45
350868,60,45
350834,22,22
350822,58,58
350817,58,58
350810,58,58
350808,58,58
350807,58,58
350789,77,77
350757,76,76
350756,4,4
350754,4,4
350750,4,4
350748,4,4
350677,34,34
350625,57,39
350543,77,56
350244,12,80
350228,12,80
350214,12,80
349967,48,48
349959,48,48
349801,63,63
349765,47,50
349762,47,50
349758,56,55
349741,47,76
349738,47,76
349686,56,50
349685,39,39
349682,39,39
349652,69,61
349638,55,56
349469,42,82
349308,36,36
349306,56,55
349294,70,70
349293,70,70
349245,22,22
349241,63,77
349166,67,72
349088,54,49
349054,61,64
348976,68,76
348964,72,69
348881,49,54
348643,41,82
348572,62,63
348511,50,74
348499,58,59
348435,64,61
348318,39,60
348219,54,51
348176,70,39
348173,70,39
348171,70,39
348109,56,55
348087,56,55
348047,77,75
347864,74,51
347707,75,77
347691,56,55
347578,10,2
347533,8,7
347520,54,49
347392,50,65
347275,56,50
347125,56,55
347058,48,50
347000,66,67
346997,56,55
346972,3,3
346965,51,74
346814,67,66
346813,54,54
346765,48,42
346708,67,70
346693,66,67
346691,66,67
346689,28,28
346680,56,55
346638,74,74
346636,74,74
346634,74,74
346515,74,51
346483,56,55
346273,56,55
346252,76,76
346249,76,76
346204,69,39
346181,70,39
346171,70,39
345944,51,54
345749,54,49
345640,6,4
345637,6,4
345595,49,54
345574,75,55
345365,56,55
345217,59,72
345138,72,67
345137,47,75
345118,70,69
345111,70,70
345079,62,64
345078,56,50
344946,48,50
344944,48,50
344935,75,60
344933,75,60
344803,56,55
344625,70,69
344527,74,51
344431,82,41
344361,56,55
344189,60,60
344146,34,32
344132,37,35
344081,77,63
344058,66,66
344057,66,66
344015,61,77
343999,64,61
343971,70,69
343962,27,29
343936,60,60
343931,60,60
343891,74,51
343867,50,50
343865,50,50
343842,34,34
343798,57,73
343759,37,37
343756,37,37
343747,72,72
343746,72,72
343740,8,3
343649,7,8
343494,72,76
343492,72,76
343491,72,46
343463,41,41
343462,70,66
343455,41,41
343374,74,74
343366,74,74
343364,74,74
343363,75,75
343330,66,67
343295,66,66
343286,76,76
343282,76,76
343281,76,76
343276,45,73
343274,45,73
343270,45,73
343269,45,73
343197,60,60
343189,60,60
343188,60,60
343182,58,58
343177,58,58
343161,54,68
343100,29,28
343093,50,42
343017,3,3
342947,84,11
342831,2,84
342776,2,9
342655,74,74
342626,41,59
342601,55,63
342498,62,63
342335,64,61
342295,77,76
342289,27,32
342135,60,56
342091,51,74
342077,61,61
342076,61,61
342065,48,48
342064,48,48
341837,74,51
341835,56,55
341783,74,50
341732,56,55
341700,74,51
341673,74,51
341664,54,49
341471,54,49
341304,66,67
341096,62,63
340948,56,55
340725,76,76
340723,76,76
340668,29,67
340662,29,67
340624,64,61
340572,66,67
340553,48,42
340527,22,22
340501,64,62
340424,39,39
340423,39,39
340419,39,39
340418,39,39
340250,56,55
340109,74,51
339860,56,55
339781,73,70
339750,69,65
339625,67,72
339618,56,55
339576,3,3
339564,27,28
339338,70,69
339249,51,74
339200,76,76
339161,36,56
339114,48,42
339013,11,3
339012,77,75
339011,11,3
339009,47,77
338978,62,64
338921,55,63
338874,48,75
338873,48,60
338870,48,75
338834,55,63
338585,82,41
338474,74,51
338455,56,55
338408,74,50
338176,61,70
338168,56,55
337933,49,54
337833,55,49
337564,51,74
337507,56,55
337271,77,39
337269,77,39
337268,77,39
337248,82,42
337233,47,75
337228,38,38
337153,67,76
336883,82,60
336880,82,60
336811,74,51
336679,82,41
336664,55,51
336613,74,51
336373,45,45
336330,39,67
336154,69,70
336092,51,74
335836,62,63
335723,51,74
335686,33,33
335681,56,55
335473,74,72
335282,67,60
335281,67,60
335280,67,60
335227,45,45
335041,82,41
334817,82,41
334706,61,70
334673,39,57
334662,55,63
334655,13,13
334654,13,13
334602,84,84
334601,84,84
334598,84,84
334595,84,84
334588,84,84
334474,73,51
334467,73,69
334261,36,36
334218,35,35
334213,35,35
334197,39,48
334180,75,60
334177,75,60
334151,42,42
334150,42,42
334100,8,3
334095,23,22
334090,56,55
333846,47,77
333813,76,39
333794,61,61
333779,27,27
333743,74,74
333742,74,74
333740,56,58
333732,64,61
333726,61,64
333695,27,34
333664,35,37
333639,57,46
333637,57,46
333615,54,49
333591,48,48
333590,48,48
333555,49,54
333458,67,72
333392,75,56
333342,74,70
333189,54,49
333174,8,3
332601,75,77
332552,34,34
332369,62,63
332249,39,57
332191,74,51
332122,56,55
331997,56,55
331984,73,45
331969,45,77
331894,41,51
331864,61,64
331720,82,42
331642,82,42
331640,61,77
331601,68,57
331600,61,77
331592,32,28
331567,56,55
331253,11,16
331209,76,39
331197,11,16
331159,22,22
331060,62,64
330959,56,55
330933,76,76
330898,56,55
330871,50,76
330850,59,39
330799,56,55
330605,74,51
330333,45,77
330183,63,55
330119,63,56
329603,41,46
329601,41,46
329561,57,57
329560,47,75
329530,66,66
329521,62,64
329362,46,46
329361,46,46
329208,47,71
329185,47,71
329176,56,55
329014,74,51
328685,8,9
328627,59,72
328587,82,41
328570,74,51
328278,2,28
328041,56,55
327870,66,60
327869,66,60
327835,47,75
327696,62,63
327638,67,67
327560,58,67
327556,82,41
327487,74,51
327478,56,55
327368,74,51
327276,74,51
327010,73,45
326935,13,84
326934,13,84
326846,84,84
326844,84,84
326821,70,61
326674,62,64
326646,64,62
326635,41,56
326622,49,54
326510,2,2
326439,56,55
326368,55,63
326289,50,50
326157,45,41
326144,82,41
326067,62,64
325985,50,75
325935,66,67
325773,56,55
325767,71,67
325766,71,67
325761,71,67
325759,71,67
325725,56,55
325602,74,51
325575,49,54
325562,82,48
325548,82,41
325546,82,48
325543,74,49
325413,56,55
325374,54,49
325048,9,8
325047,46,46
325046,46,46
324989,50,50
324988,50,50
324923,34,34
324860,28,28
324859,28,2
324857,68,57
324843,39,60
324833,39,60
324711,56,55
324662,4,5
324610,60,50
324581,23,23
324571,61,54
324475,28,28
324466,28,28
324457,77,50
324456,77,50
324409,46,82
324408,46,82
324406,46,82
324403,46,82
324389,29,28
324360,46,50
324320,54,54
324309,35,35
324253,58,67
324252,58,67
324249,58,60
324215,46,50
324213,49,54
324212,34,35
324211,34,35
323814,38,38
323809,38,38
323657,32,27
323594,50,72
323583,56,50
323478,62,63
323473,62,64
323324,77,63
323103,50,50
323101,50,50
323040,56,55
323025,27,32
322850,56,55
322784,74,51
322682,56,55
322571,56,55
322531,55,75
322328,27,27
321896,71,71
321892,71,71
321884,71,71
321877,55,63
321819,74,51
321788,74,60
321779,51,74
321763,42,48
321757,48,42
321678,74,51
321593,39,45
321568,56,55
321514,42,48
321470,56,55
321380,70,70
321068,56,55
321028,37,35
320875,55,39
320867,47,46
320647,49,54
320482,51,74
320473,56,55
320384,56,55
320276,42,50
320173,58,59
320172,58,59
320157,3,16
320155,3,16
320128,25,26
320122,74,51
320117,77,75
320032,62,64
319950,39,57
319858,56,55
319723,56,55
319604,59,68
319567,56,55
319103,28,28
319098,63,77
319089,14,4
318747,54,67
318646,56,55
318482,47,75
318444,58,67
318377,62,63
318309,39,39
318300,69,60
318260,72,72
318259,72,72
318190,56,55
318183,56,55
318073,74,51
317908,74,51
317822,82,41
317787,56,55
317710,56,55
317598,7,8
317592,8,7
317544,62,63
317462,71,47
317439,55,63
317228,49,54
316993,64,62
316957,56,55
316800,48,42
316731,58,67
316699,62,64
316445,74,74
316443,69,70
316375,56,55
316297,62,64
316278,74,51
316105,74,51
315901,37,35
315887,56,55
315821,11,5
315665,61,64
315656,82,42
315654,56,55
315635,60,60
315632,60,60
315626,60,60
315622,60,60
315480,31,31
315366,56,55
315274,74,75
315273,74,75
315272,74,74
315271,41,41
315215,48,67
315204,71,62
315104,70,49
315085,70,69
315055,48,67
315049,60,48
315033,62,64
315001,76,66
314997,72,72
314996,72,72
314943,57,57
314910,47,47
314902,50,50
314899,50,50
314888,68,39
314886,68,39
314849,62,76
314848,62,76
314845,62,76
314836,60,50
314835,60,50
314817,70,70
314795,32,32
314706,46,48
314636,71,46
314617,77,56
314460,56,55
314442,42,82
314332,33,33
314191,42,69
314114,42,56
313805,58,61
313804,58,61
313786,55,63
313771,77,77
313769,77,77
313737,74,74
313736,74,74
313708,58,67
313693,77,56
313518,56,55
313334,74,51
313231,56,55
313204,61,64
313103,61,70
313019,68,57
312900,56,55
312894,76,57
312465,45,41
312458,51,74
312417,61,61
312400,61,61
312396,61,61
312394,61,61
312252,56,47
312250,56,47
312200,33,38
312198,33,36
312197,33,38
312183,45,41
312148,62,64
312065,60,74
312033,82,41
311891,23,23
311883,74,50
311712,74,51
311558,37,35
311407,68,56
311302,54,49
311271,77,75
311147,49,54
311114,29,29
310850,56,55
310800,34,36
310785,55,56
310766,59,76
310656,67,72
310620,61,76
310574,62,64
310518,74,51
310495,69,70
310488,69,70
310466,46,56
310465,46,56
310442,60,62
310368,56,55
310367,76,68
310300,56,55
310280,56,55
310264,75,62
310258,55,51
310251,56,55
310054,74,51
309852,56,55
309772,73,45
309726,7,8
309571,42,48
309535,51,74
309534,29,29
309498,13,10
309342,56,55
309108,56,55
309095,59,59
309089,76,39
309060,51,74
309008,63,55
308907,4,5
308886,34,28
308875,32,28
308836,55,55
308750,60,76
308749,60,76
308746,60,76
308745,60,76
308707,70,50
308648,56,55
308607,10,11
308585,56,55
308562,33,28
308538,42,50
308415,47,46
308252,74,51
308155,56,74
308147,56,50
308115,55,61
308006,71,47
307863,9,9
307861,28,29
307828,54,49
307652,42,82
307624,49,54
307595,77,77
307538,77,50
307285,56,55
307283,51,50
306992,49,54
306963,56,50
306947,51,49
306937,64,62
306923,77,56
306914,66,67
306863,74,82
306857,74,82
306839,55,63
306674,55,51
306510,74,51
306384,39,66
306334,74,51
306279,39,57
306237,37,35
306206,69,70
306111,56,55
306031,28,28
306024,28,34
305947,70,70
305946,59,75
305889,2,2
305877,71,71
305869,71,71
305864,71,71
305836,75,55
305828,71,71
305766,77,47
305745,33,33
305744,33,33
305742,63,56
305733,76,76
305732,54,49
305731,76,76
305693,66,74
305670,49,54
305669,77,74
305655,56,55
305604,56,55
305599,56,75
305598,56,75
305571,45,45
305567,45,45
305455,77,47
305379,75,77
305374,77,42
305310,50,60
305275,73,82
305170,51,49
305134,42,82
305124,72,73
305121,72,73
305114,71,39
305110,71,39
305086,68,66
305075,6,9
305074,6,9
305072,49,54
305030,58,74
305026,58,74
305025,58,74
305024,58,74
304952,56,55
304947,47,46
304880,70,61
304795,62,63
304721,65,59
304316,58,67
304269,50,41
304259,56,50
304245,66,67
304028,55,51
304011,56,55
303994,72,72
303986,3,3
303982,56,55
303969,3,3
303939,72,72
303934,72,72
303849,74,51
303659,56,55
303634,63,77
303590,70,64
303589,70,72
303587,73,45
303570,29,32
303539,66,67
303442,68,57
303158,56,55
303028,51,74
303027,56,55
302937,37,34
302871,50,75
302869,50,75
302822,56,55
302713,29,29
302703,50,60
302702,50,60
302667,66,67
302337,56,55
302277,56,55
302157,56,50
302067,37,35
302022,73,45
302012,49,55
302009,37,37
301958,51,54
301840,54,49
301647,49,54
301397,56,55
301320,56,55
301273,61,49
301252,51,74
301213,33,33
301093,5,3
300977,76,48
300974,76,48
300917,57,57
300900,57,57
300869,77,49
300664,74,51
300640,74,51
300536,37,35
300482,56,55
300438,56,55
300368,54,49
300366,66,34
300351,62,42
300255,58,77
299961,50,76
299904,49,54
299523,48,48
299519,48,48
299514,60,73
299510,48,48
299499,60,73
299496,60,73
299495,60,73
299468,26,25
299450,60,70
299447,60,50
299432,71,71
299358,10,11
299304,67,67
299190,70,69
298800,56,55
298790,56,55
298713,73,45
298708,46,60
298707,46,60
298706,46,60
298659,45,48
298590,7,8
298294,73,75
298226,42,60
298224,42,60
298191,72,48
298190,72,48
298179,75,71
298177,75,71
298134,39,72
298133,39,72
297967,56,82
297934,74,77
297811,60,60
297809,60,60
297808,60,39
297806,60,39
297770,61,55
297741,61,48
297738,61,48
297737,61,48
297729,9,37
297712,46,60
297711,46,60
297701,46,60
297669,9,37
297668,35,35
297667,35,35
297656,82,50
297636,75,60
297607,39,76
297606,39,76
297494,54,49
297480,56,55
297438,72,72
297427,72,72
297423,76,76
297421,76,76
297415,76,76
297409,82,82
297407,82,82
297403,76,76
297399,49,54
297369,61,61
297350,4,4
297347,4,4
297338,75,48
297310,76,76
297309,76,76
297173,65,65
297041,54,69
297040,54,69
296955,2,2
296954,2,2
296945,2,2
296896,12,11
296886,54,49
296879,11,12
296863,71,46
296862,71,46
296848,2,2
296837,49,54
296773,54,49
296740,8,12
296571,55,56
296123,3,8
296121,48,50
296100,62,64
296086,71,67
296021,27,28
295872,56,50
295847,56,59
295839,62,63
295793,56,55
295627,39,67
295432,37,35
295411,54,49
295387,73,45
295381,54,49
295353,49,54
295215,10,9
295163,62,63
295149,56,74
294855,56,55
294721,41,45
294716,54,70
294708,42,48
294696,48,42
294610,63,68
294560,55,63
294552,21,24
294336,68,57
294311,56,55
294309,45,76
294305,45,76
294229,56,55
294166,55,63
294139,74,51
293783,27,28
293780,68,57
293775,73,45
293692,71,47
293599,55,56
293510,56,50
293438,49,54
293427,48,42
293364,42,74
293219,56,55
293213,56,55
293182,55,63
292859,73,66
292853,73,66
292851,62,63
292844,56,55
292807,56,50
292701,77,61
292665,74,51
292542,74,51
292335,37,35
292287,73,45
292206,54,49
292109,49,54
292004,56,50
291923,50,42
291903,56,74
291732,56,55
291485,64,70
291454,22,23
291398,48,82
291383,55,63
291262,10,11
290969,74,51
290816,56,50
290804,56,55
290715,68,57
290708,73,45
290600,82,41
290351,49,54
290174,56,55
290084,56,55
289891,60,64
289889,60,64
289841,56,55
289671,64,63
289667,64,63
289582,70,65
289517,56,55
289474,56,55
289354,56,55
289109,68,57
288863,61,72
288860,61,72
288858,61,72
288843,60,60
288841,60,60
288831,47,47
288822,75,60
288762,51,51
288761,51,51
288733,8,7
288723,56,55
288688,75,50
288639,8,8
288619,67,54
288576,54,73
288572,54,60
288571,54,60
288541,65,49
288511,68,57
288508,39,57
288481,57,39
288440,64,61
288439,64,61
288398,2,2
288397,2,2
288395,2,2
288358,84,84
288354,84,84
288353,84,84
288342,50,73
288341,50,73
288339,50,73
288331,71,70
288326,32,2
288324,32,2
288276,60,59
288275,60,59
288210,76,71
288209,76,71
288136,38,35
288129,60,66
288118,60,66
288089,48,60
288084,48,60
288066,56,55
288038,39,60
288037,39,60
288013,50,41
288010,50,41
288007,50,41
287997,60,39
287996,62,64
287993,60,39
287992,60,39
287989,7,16
287942,66,50
287937,66,50
287783,11,11
287740,49,51
287684,49,55
287624,56,55
287537,61,59
287522,61,59
287518,61,59
287327,63,77
287320,60,67
287314,50,50
287313,50,50
287310,60,67
287176,61,64
287113,77,56
287097,51,74
286975,64,61
286968,76,50
286966,76,50
286950,77,75
286948,77,75
286611,74,51
286581,73,67
286545,50,42
286436,8,12
286377,50,70
286376,50,70
286327,58,59
286162,56,55
286105,49,54
286040,77,77
285861,70,50
285840,70,50
285743,56,55
285736,56,50
285437,48,42
285395,62,63
285372,48,50
285359,51,54
285234,54,49
285130,5,3
285115,56,55
285042,74,51
285001,56,55
284807,63,77
284786,37,35
284724,62,61
284683,32,31
284568,77,77
284483,56,55
284461,56,50
284287,34,36
284194,56,55
284162,49,60
284161,49,60
284002,42,82
283995,82,42
283934,84,84
283759,56,50
283752,5,4
283741,4,5
283626,56,55
283602,70,56
283457,74,51
283451,73,73
283028,51,54
282942,49,54
282633,51,74
282596,56,55
282547,55,63
282467,57,57
282364,62,64
282166,12,8
282142,77,56
282076,56,50
282016,56,55
281952,70,69
281878,69,70
281866,57,57
281773,74,51
281738,56,55
281699,73,73
281682,8,12
281630,69,70
281492,54,49
281283,51,74
281193,71,47
281147,49,54
280942,62,63
280931,62,63
280913,51,74
280910,56,55
280697,77,63
280681,71,48
280675,71,48
280674,71,48
280673,27,32
280577,51,51
280431,56,55
280266,56,55
280239,74,51
280163,74,51
280056,66,67
280031,82,41
279781,37,35
279660,76,55
279568,60,60
279567,60,60
279566,60,60
279565,60,60
279509,76,76
279508,76,76
279506,71,71
279505,71,71
279500,49,54
279495,77,71
279493,77,71
279483,37,37
279381,60,71
279335,39,71
279318,77,63
279305,3,7
279302,8,3
279297,56,42
279296,56,42
279291,50,72
279239,56,74
279222,77,77
279135,50,73
279119,54,54
279116,50,73
279098,75,75
279023,64,61
278976,49,54
278975,41,60
278969,41,60
278920,61,64
278611,54,51
278361,42,48
278342,48,42
278206,72,39
278168,76,48
278130,76,76
278124,76,71
278123,76,48
278078,66,67
277994,56,55
277953,56,55
277951,71,71
277949,71,71
277924,56,55
277909,39,60
277908,39,60
277637,60,74
277598,56,55
277374,48,42
277114,51,74
276884,63,68
276878,55,49
276625,39,76
276535,50,51
276494,74,51
276253,10,11
276241,61,82
276232,56,55
276204,37,35
276151,39,57
276057,62,63
275979,54,49
275934,75,50
275814,49,54
275577,56,55
275500,11,10
275499,62,64
275460,56,75
275412,77,56
275389,47,75
275342,12,8
275274,49,54
275212,5,4
275166,68,60
275165,68,60
275151,4,5
275124,56,55
275010,56,55
274888,74,51
274736,82,41
274514,12,7
274422,68,57
274135,56,54
274105,67,72
273930,36,37
273670,54,49
273612,48,42
273591,76,76
273555,54,60
273546,34,35
273541,54,54
273540,54,54
273416,56,55
273392,8,12
273222,74,51
272922,27,33
272809,62,63
272755,76,77
272648,55,63
272428,56,55
272208,68,68
272207,68,68
272169,10,11
272147,58,67
272131,12,7
272050,56,55
272018,70,82
271977,60,60
271976,60,60
271947,56,55
271912,74,67
271779,67,66
271710,56,55
271691,74,51
271542,82,41
271322,68,57
271209,56,55
271154,62,64
271101,50,48
271049,71,71
271048,50,60
271041,50,60
270984,72,72
270951,50,76
270950,50,76
270915,60,60
270914,60,60
270872,62,64
270869,39,39
270868,39,39
270863,72,72
270862,72,72
270854,54,49
270685,48,60
270684,48,60
270585,36,36
270572,76,39
270571,76,39
270570,76,39
270526,54,50
270432,71,50
270431,71,50
270368,73,73
270367,73,73
270365,32,32
270364,73,73
270356,26,25
270204,42,82
270176,82,42
269853,10,11
269487,73,42
269273,56,55
269213,77,63
269209,77,75
269125,74,51
269046,77,63
268911,66,66
268803,75,74
268549,64,73
268461,48,42
268344,56,55
268205,62,63
268155,60,60
268128,29,34
268120,82,41
267908,56,55
267878,50,39
267877,50,39
267829,72,72
267827,72,72
267763,56,55
267497,63,77
267484,74,51
267425,61,70
267241,77,56
267205,54,49
267047,73,45
267036,48,42
267028,49,54
266794,56,55
266792,76,60
266601,42,48
266591,48,42
266590,37,35
266546,82,42
266512,75,77
266460,7,11
266307,68,57
266233,56,55
266173,56,55
266022,74,51
265915,56,55
265754,69,71
265686,54,49
265641,41,56
265635,55,63
265581,25,26
265547,49,54
265226,72,39
265180,51,74
265179,56,55
265024,77,56
265005,60,60
264942,56,55
264801,50,46
264800,50,46
264687,56,55
264621,74,50
264605,56,55
264560,8,12
264426,74,51
264290,56,55
264125,61,70
264105,74,51
264059,51,74
263921,56,54
263725,75,77
263675,77,75
263623,51,74
263517,56,55
263490,32,27
263458,49,51
263339,68,57
263159,41,45
263051,68,57
263028,56,55
262924,74,51
262869,74,51
262843,66,67
262607,2,16
262606,70,69
262605,75,39
262581,71,76
262494,74,74
262492,74,74
262436,72,70
262419,56,60
262388,74,74
262387,74,74
262383,35,34
262382,74,74
262375,64,73
262372,64,73
262371,64,73
262365,64,73
262351,72,72
262336,36,36
262301,34,34
262296,61,54
262263,54,54
262217,72,72
262015,29,29
261925,50,60
261923,50,60
261889,70,71
261870,75,39
261819,62,64
261802,73,60
261800,73,60
261798,73,60
261796,73,60
261773,61,50
261751,56,55
261730,76,76
261683,42,48
261676,42,48
261674,73,73
261670,73,73
261652,63,49
261623,49,54
261617,62,64
261557,69,66
261549,56,77
261533,61,70
261286,62,63
261102,45,41
260932,56,55
260878,70,69
260324,82,41
260307,56,55
260300,74,74
260231,74,56
260178,42,48
260172,48,42
260132,77,56
260093,50,39
259887,56,55
259786,50,50
259771,32,28
259658,74,51
259511,56,55
259376,75,39
259108,49,54
258883,5,4
258881,56,55
258790,57,68
258751,4,5
258726,77,77
258724,77,77
258718,39,74
258717,39,74
258706,39,72
258674,65,69
258656,42,48
258626,4,5
258578,54,54
258442,56,55
258399,10,11
258265,74,51
258031,55,72
257989,63,77
257945,63,77
257839,49,54
257812,51,74
257719,56,75
257607,51,74
257392,55,63
257385,63,68
257310,42,48
257304,48,42
257208,28,28
257140,56,50
257095,56,55
257087,50,50
257085,50,50
257044,63,68
256975,74,74
256972,74,74
256958,82,41
256927,64,65
256876,74,51
256617,63,77
256430,56,55
256262,49,54
256074,56,55
256049,32,27
255955,10,11
255941,47,75
255940,47,75
255833,76,76
255832,76,76
255709,56,55
255668,56,55
255644,10,11
255205,63,77
255124,35,37
255105,37,35
255050,69,57
254980,63,51
254979,63,51
254975,67,67
254921,55,60
254919,74,74
254918,74,50
254917,74,74
254916,74,50
254896,71,71
254894,71,71
254892,71,71
254882,36,36
254856,22,70
254851,22,70
254838,39,39
254833,39,39
254827,31,31
254825,76,50
254824,76,50
254821,76,50
254816,67,50
254796,71,71
254792,71,71
254788,71,71
254735,60,41
254408,45,71
254400,45,71
254372,61,61
254370,61,61
254358,60,60
254357,60,60
254354,60,60
254353,60,60
254352,60,60
254348,60,60
254346,60,60
254313,56,55
254301,42,42
254258,49,54
254239,77,56
254232,77,56
254163,4,4
254162,4,4
254112,80,9
254093,2,9
253955,68,57
253754,39,39
253753,39,39
253738,39,59
253736,39,39
253487,29,34
253477,29,34
253476,29,34
253470,29,34
253396,72,50
253395,72,50
253387,39,39
253382,28,32
253355,47,59
253354,47,59
253256,56,55
253235,71,71
253232,71,71
253228,71,71
253131,63,68
253080,74,51
252841,35,35
252592,56,50
252539,56,55
252405,56,55
252388,51,74
252321,62,63
252283,42,48
252280,42,50
252259,48,42
252249,75,77
252228,54,49
252188,55,63
252140,77,77
252000,71,47
251908,46,46
251906,46,46
251832,77,56
251802,56,55
251712,74,51
251544,48,50
251542,56,55
251422,62,63
251379,35,35
251345,54,49
251240,49,54
251202,51,74
251171,49,54
251029,82,42
250862,56,55
250751,54,54
250628,72,39
250626,72,39
250593,77,56
250541,56,74
250300,56,55
250233,71,47
250056,42,82
250046,50,56
250040,76,47
249884,56,55
249877,82,41
249693,63,68
249607,49,54
249252,56,55
249115,51,65
248934,47,45
248931,47,45
248907,71,60
248903,71,60
248894,58,76
248892,58,76
248870,39,39
248869,39,39
248742,39,45
248730,39,45
248638,67,47
248475,74,51
248409,49,54
248330,54,49
248273,35,35
247924,56,55
247899,77,56
247759,51,54
247746,56,55
247745,51,74
247466,76,60
247465,76,60
247464,76,60
247404,62,64
247358,71,71
247349,42,50
247304,56,55
247290,69,65
246994,74,51
246913,56,55
246895,55,63
246797,60,77
246634,64,64
246590,72,61
246557,35,35
246517,73,73
246516,73,73
246469,49,71
246435,66,67
246417,56,55
246307,57,39
246219,24,21
246208,73,61
246187,50,68
246062,56,56
246060,56,56
245977,11,11
245845,46,54
245837,56,55
245827,49,54
245634,63,77
245115,49,54
245038,31,28
244992,54,49
244965,7,11
244956,46,46
244953,46,46
244947,63,68
244926,26,25
244915,63,61
244905,63,64
244897,63,61
244896,63,64
244840,72,59
244810,56,55
244759,56,55
244650,74,51
244599,55,63
244441,11,16
244149,48,42
244126,66,67
243981,11,11
243867,66,67
243756,42,48
243751,48,48
243750,48,48
243748,48,42
243728,74,75
243683,50,50
243593,34,34
243590,56,55
243542,56,50
243499,28,28
243340,51,49
243309,76,68
243267,71,71
243097,9,10
242948,67,72
242909,49,54
242893,49,54
242579,76,46
242484,56,55
242381,74,51
242374,22,23
242356,62,64
242345,46,71
242267,64,62
242233,51,49
242208,77,45
242207,56,74
242120,56,55
242040,56,55
241905,74,51
241612,63,77
241393,49,54
241306,62,63
241290,51,54
241256,56,55
240943,56,55
240727,51,49
240660,63,68
240580,55,63
240417,70,77
240371,71,47
240261,67,66
240222,74,51
240049,55,64
240026,63,77
239953,63,77
239952,76,39
239909,11,12
239838,75,41
239612,49,54
239460,55,63
239383,56,55
239334,62,63
239214,58,66
239213,58,71
239211,66,67
239194,67,66
239155,39,39
239150,58,59
239128,50,50
239098,76,76
239088,76,76
239072,66,67
239018,55,63
238997,41,82
238900,50,50
238896,50,60
238894,50,60
238878,56,55
238836,56,55
238764,9,9
238696,39,60
238684,39,60
238673,74,51
238448,63,77
238288,50,63
238287,56,55
238253,66,67
238230,57,70
238222,57,70
238171,64,64
238142,71,71
238141,71,71
238131,34,70
238130,34,70
238129,62,63
238097,48,41
238092,54,54
238090,54,54
238089,73,73
238088,73,73
238087,54,51
238082,48,71
238081,48,71
238033,56,55
238031,71,71
238029,51,54
238013,50,61
238010,41,45
237986,39,70
237985,39,39
237960,68,57
237947,51,56
237946,63,67
237943,66,72
237942,66,41
237931,50,48
237901,56,55
237897,24,25
237812,39,71
237567,76,76
237563,76,76
237550,42,42
237549,39,71
237536,42,42
237535,70,70
237507,42,42
237504,48,48
237502,48,48
237465,74,46
237464,74,46
237454,39,72
237445,46,50
237444,46,50
237421,62,51
237419,62,51
237415,62,51
237389,56,55
237374,42,50
237322,46,46
237320,46,46
237318,49,54
237312,71,50
237311,71,50
237307,54,61
237254,67,60
237253,67,60
237233,3,11
237143,51,49
237142,22,22
237082,74,76
236750,48,42
236655,62,64
236598,56,55
236498,47,76
236448,56,55
236110,76,77
235695,56,55
235527,60,39
235488,63,68
235345,55,63
235315,12,7
235268,61,64
235254,64,62
235201,56,55
235186,74,60
235165,54,50
235163,54,50
234997,76,68
234959,74,51
234832,49,41
234810,68,57
234755,63,77
234662,54,49
234569,49,54
234327,56,55
234146,61,64
233863,29,29
233747,70,56
233715,74,56
233643,74,51
233615,76,68
233455,63,77
233260,56,55
233209,62,63
233111,75,60
233106,75,60
233050,56,55
232318,64,61
232316,59,57
232308,63,77
232306,55,63
232240,56,55
232217,50,56
232108,56,55
231738,70,48
231728,67,72
231630,67,39
231515,76,47
231331,48,48
231330,48,48
231309,50,57
231256,60,74
231246,39,72
231244,35,34
231241,35,34
231171,76,71
231170,76,71
231143,76,70
231072,50,60
230986,35,35
230983,35,35
230931,27,29
230877,29,29
230824,51,74
230727,63,77
230651,75,75
230083,50,42
229989,56,55
229978,68,57
229893,58,65
229807,62,64
229760,74,51
229733,55,59
229562,67,72
229498,49,51
229485,34,34
229389,39,71
229247,42,50
229221,7,12
229184,12,7
229063,76,47
229043,56,55
228940,68,72
228714,41,75
228692,10,13
228668,47,76
228655,71,76
228604,72,67
228595,72,67
228593,72,67
228581,56,55
228556,28,28
228450,42,48
227979,49,54
227956,62,63
227650,56,55
227463,39,77
227462,39,77
227422,37,35
227359,62,64
227088,54,49
227003,49,54
226941,67,70
226864,64,61
226765,56,50
226725,51,74
226614,56,55
226544,48,42
226426,56,55
226138,74,51
225911,63,77
225784,54,49
225612,49,54
225483,74,74
225399,56,55
225160,55,63
225132,58,67
225106,72,76
225100,72,76
225079,60,50
225078,60,50
225061,76,60
225060,76,60
225013,59,73
224925,56,77
224774,74,51
224542,34,34
224433,72,76
224431,72,76
224338,77,74
224337,77,74
224335,77,74
224334,77,74
224323,75,48
224306,73,45
224290,50,60
224272,54,60
224204,34,35
224181,66,66
224180,66,66
224158,71,71
224144,50,50
224143,50,50
224138,48,60
224137,48,60
224133,76,76
224129,48,60
224128,48,60
224070,51,49
224055,10,10
224047,34,34
224042,10,11
223949,76,39
223948,76,39
223947,60,64
223945,60,64
223927,56,55
223855,62,70
223785,50,60
223783,50,60
223719,33,33
223687,49,51
223684,49,51
223678,49,76
223677,49,76
223674,49,76
223670,49,76
223663,48,51
223662,48,51
223657,82,82
223656,82,82
223631,54,49
223626,51,49
223574,49,54
223520,22,22
223456,63,77
223392,49,54
223389,62,64
223388,14,14
223182,63,77
222959,62,63
222938,3,3
222930,3,3
222914,41,73
222817,45,41
222632,76,76
222630,76,76
222629,76,76
222584,10,11
222579,56,55
222563,33,33
222553,56,55
222424,29,29
222423,29,29
222373,74,51
222321,29,29
222227,49,54
222181,74,51
222152,28,28
221834,57,39
221690,51,74
221622,56,55
221382,74,51
221305,62,64
221289,77,60
221288,77,60
221213,29,29
221207,64,62
220944,74,51
220444,49,54
220231,67,72
219919,77,75
219916,77,75
219858,41,45
219841,45,41
219738,7,11
219663,35,35
219662,35,35
219650,56,56
219648,56,56
219647,56,55
219645,56,56
219474,28,28
219377,74,51
219128,70,55
219045,54,49
218957,49,54
218578,51,74
218409,42,46
218400,42,46
218396,42,46
218160,75,77
218149,77,75
218080,56,55
217400,57,39
217085,68,66
217065,51,74
216935,57,76
216898,60,60
216897,60,60
216891,60,60
216889,60,60
216865,4,4
216782,27,27
216740,39,39
216734,74,51
216721,10,11
216707,76,71
216693,10,11
216258,56,55
215885,39,50
215884,39,50
215835,11,16
215829,11,16
215819,50,68
215818,48,75
215816,8,8
215808,50,68
215759,67,66
215697,41,41
215695,41,41
215647,71,76
215646,71,76
215642,50,60
215641,50,60
215640,46,60
215635,74,51
215614,39,50
215613,39,50
215598,54,49
215595,72,39
215553,67,66
215543,74,68
215474,45,71
215473,45,71
215469,45,71
215463,72,58
215443,49,54
215164,54,50
215097,50,50
215081,56,76
215080,56,76
215078,50,72
215074,56,76
215073,56,76
215071,56,76
215064,56,76
215060,46,66
215002,54,49
214977,64,62
214976,64,62
214975,66,66
214938,49,54
214909,68,76
214908,68,76
214055,64,62
213982,66,67
213974,56,55
213969,63,68
213919,39,57
213877,56,55
213722,55,76
213693,74,51
213269,62,63
213054,46,64
212909,74,51
212897,33,33
212876,33,33
212857,56,55
212690,46,46
212677,56,55
212579,56,75
212552,21,24
212152,74,51
212147,74,51
211714,51,74
211676,46,41
211673,46,41
211650,54,49
211577,49,54
211450,74,51
211350,51,74
211339,56,55
211261,62,63
211212,7,3
211211,60,60
211202,77,56
211181,25,26
211110,55,63
211100,77,71
211098,77,71
210985,11,10
210933,56,55
210898,34,34
210717,74,51
210590,77,63
210366,54,49
210189,49,68
210179,64,61
210076,56,50
209909,56,55
209865,51,74
209732,77,56
209684,45,41
209665,62,64
209580,73,66
209547,72,58
209510,39,39
209506,39,39
209505,39,39
209490,76,77
209447,62,64
209366,56,55
209214,74,51
209197,74,51
208979,82,41
208922,62,64
208887,2,37
208677,34,34
208532,74,51
208361,56,55
208145,12,8
208129,7,11
208016,74,51
208003,42,42
207971,67,67
207970,67,67
207936,56,55
207888,56,55
207763,74,51
207344,49,46
207274,39,57
207179,77,77
207078,48,39
206999,67,67
206942,74,59
206940,69,65
206909,28,36
206875,66,66
206848,39,68
206845,39,68
206793,10,10
206479,60,55
206440,80,36
206378,76,39
206373,65,54
206274,41,41
206272,41,41
206270,41,41
206125,72,59
206110,7,8
206100,61,64
205943,62,63
205750,74,51
205440,76,76
205413,49,49
205404,49,49
205307,59,71
205303,58,71
205302,59,71
205301,58,58
205299,59,58
205298,59,58
205259,56,55
205258,56,55
205232,56,55
205163,42,82
205119,82,42
205017,74,51
204476,56,55
204448,33,27
204418,64,61
204343,74,51
204238,41,82
204220,67,72
204105,60,60
204104,60,60
204027,54,49
204023,62,64
204002,56,67
203908,77,56
203899,4,5
203820,56,55
203592,74,51
203581,64,62
203532,64,61
203406,82,41
203208,77,63
203187,77,60
203174,64,62
202879,66,67
202875,56,55
202731,77,56
202723,46,60
202702,62,63
202487,58,67
202429,37,37
202426,37,37
202414,56,55
201917,63,77
201783,39,39
201696,31,31
201461,56,55
201442,55,63
201419,49,54
201290,62,63
201271,4,14
201266,58,67
201249,61,64
201203,10,7
201187,55,63
201142,74,74
201111,62,64
200853,74,51
200712,56,55
200580,77,67
200386,56,55
200299,49,51
200238,58,67
200203,62,64
200119,50,56
200084,11,10
200082,76,47
200079,10,11
199949,69,67
199798,76,47
199777,75,77
199759,56,55
199651,64,61
199553,55,76
199386,50,39
199385,50,39
199336,31,31
199319,14,2
199087,39,58
199043,75,56
199002,73,73
199001,73,73
198998,73,73
198997,73,73
198992,73,73
198957,50,73
588757,74,76
588694,65,62
588669,69,70
588586,63,76
588457,69,47
588368,11,11
588367,11,11
588366,11,11
588333,51,54
588327,49,54
588153,74,51
588140,63,68
587978,45,45
587972,45,45
587971,45,45
587970,45,45
587966,45,45
587943,56,55
587663,41,46
587451,31,29
587265,59,59
587264,59,59
587208,46,46
587207,46,46
587172,41,42
586913,71,60
586889,82,41
586825,73,45
586670,42,50
586669,42,50
586667,42,50
586658,42,50
586616,50,47
586581,51,54
586572,63,77
586516,50,50
586514,50,50
586468,67,66
586467,60,48
586448,60,48
586445,66,67
586421,63,77
586375,42,82
586305,46,46
586304,46,46
586284,72,74
586239,76,76
586235,76,76
586234,76,76
586177,56,73
586109,54,49
586091,10,12
586047,27,27
586046,27,27
585920,38,38
585919,38,38
585889,60,71
585888,60,71
585864,63,68
585842,65,65
585833,76,60
585823,76,76
585820,76,76
585817,76,76
585812,72,60
585811,72,60
585809,71,77
585808,71,77
585728,54,51
585662,67,72
585611,4,8
585610,4,8
585604,48,75
585601,48,75
585600,48,75
585598,48,75
585570,72,72
585557,59,48
585556,59,48
585543,71,45
585539,71,45
585536,50,45
585535,50,45
585518,61,61
585516,61,61
585511,73,73
585510,73,73
585387,51,54
585287,54,54
585286,54,54
585187,46,71
585160,42,50
584925,51,54
584631,47,47
584467,72,67
584445,82,73
584444,82,73
584364,82,42
584363,42,50
584322,51,49
584269,57,57
584268,57,57
584258,41,45
584240,39,39
584224,45,41
584222,71,71
584221,71,71
584008,74,51
583968,48,42
583810,69,66
583754,67,66
583284,51,74
583270,50,76
583269,50,76
583152,62,64
583061,54,49
583025,55,63
583015,51,54
583008,59,71
583005,59,71
582974,39,39
582972,39,39
582813,47,46
582746,74,82
582594,82,41
582448,72,39
582447,72,72
582273,50,50
582272,50,50
582271,50,50
582270,50,50
582194,58,60
582182,10,10
582110,73,39
581998,75,56
581884,56,75
581814,70,70
581813,70,70
581747,57,39
581746,57,39
581744,39,39
581676,7,2
581673,58,67
581653,68,69
581569,67,72
581406,62,64
581350,51,74
581335,56,55
581200,82,41
581109,68,47
581053,2,2
581021,73,45
581017,56,55
580907,61,64
580838,82,41
580732,51,54
580516,77,45
580336,39,39
580333,39,39
580278,51,74
580207,54,51
580203,49,51
580144,51,49
580104,67,66
580095,76,39
580091,39,57
579964,56,55
579892,56,55
579868,56,55
579271,68,57
579122,45,54
579088,48,42
578930,82,50
578923,45,75
578905,70,77
578855,49,77
578833,56,77
578756,56,55
578745,51,54
578707,60,77
578687,62,77
578677,42,48
578668,82,77
578618,66,77
578599,70,77
578585,64,61
578569,39,77
578557,70,77
578520,56,55
578500,73,77
578481,65,77
578473,70,77
578472,70,77
578460,72,77
578444,67,77
578384,70,77
578364,70,77
578362,39,77
578357,70,77
578351,64,77
578303,74,51
578273,70,77
578223,62,77
578220,73,77
578219,73,77
578214,69,77
578189,76,77
578173,54,49
578155,62,64
578136,70,77
578129,49,54
578020,64,77
577998,72,77
577917,47,61
577916,61,64
577899,68,76
577893,42,77
577874,38,36
577844,56,50
577831,74,51
577824,42,48
577809,48,42
577769,55,63
577739,76,77
577694,39,77
577688,74,77
577682,77,77
577680,46,74
577679,46,74
577678,76,77
577676,64,77
577656,82,77
577652,56,55
577649,66,77
577638,45,77
577602,50,77
577583,42,82
577578,32,27
577549,27,32
577487,77,77
577472,61,77
577462,66,77
577452,64,77
577411,39,77
577404,60,77
577393,62,77
577385,69,77
577381,70,77
577379,69,77
577331,73,77
577281,72,77
577256,69,77
577236,56,55
577218,70,77
577197,70,76
577172,75,50
577140,67,77
577103,68,77
577080,73,77
577077,73,77
577039,62,77
577029,49,51
577021,42,82
576981,41,46
576968,68,77
576816,64,77
576798,68,57
576795,64,77
576794,62,77
576770,65,77
576732,64,77
576724,64,61
576720,51,74
576708,48,77
576695,64,77
576624,56,55
576536,64,77
576527,55,77
576522,62,77
576510,76,77
576507,51,54
576481,65,77
576402,62,77
576397,2,2
576391,54,51
576384,77,77
576365,72,77
576319,39,77
576284,69,77
576281,70,77
576270,72,77
576266,65,77
576261,57,77
576254,42,82
576236,70,77
576161,66,77
576094,57,77
576087,68,68
576064,73,45
575994,41,41
575993,41,41
575983,70,54
575925,61,77
575871,75,76
575870,75,76
575783,54,49
575769,42,77
575759,67,67
575758,67,67
575684,51,54
575675,64,77
575658,67,66
575614,66,77
575513,46,56
575511,46,74
575482,50,48
575477,50,48
575456,73,77
575439,39,39
575430,39,71
575429,39,39
575379,61,77
575371,61,77
575369,46,77
575321,62,77
575320,47,75
575287,49,54
575211,61,77
575181,54,54
575166,64,77
575086,64,77
575059,64,77
575049,70,77
575045,45,77
574994,68,77
574988,62,77
574974,51,74
574951,73,77
574947,64,77
574945,64,77
574908,60,82
574890,64,77
574869,82,77
574858,63,77
574818,64,61
574790,56,55
574781,54,77
574778,62,77
574742,64,77
574690,62,64
574666,72,77
574664,51,77
574608,82,41
574605,62,64
574604,42,77
574579,67,77
574567,82,41
574487,54,51
574465,56,55
574451,70,77
574434,72,77
574417,77,77
574409,70,77
574390,73,77
574386,65,77
574370,77,77
574359,57,77
574358,32,27
574308,73,77
574307,66,77
574305,73,45
574300,45,77
574292,77,77
574227,50,74
574216,39,77
574198,72,77
574122,39,57
574102,51,54
574064,74,51
574044,67,58
573969,74,56
573830,65,76
573586,51,74
573404,76,47
573399,64,61
573321,82,41
573272,56,55
573217,62,55
573146,36,36
573143,75,77
572839,74,51
572756,74,51
572341,63,77
572271,82,42
572246,51,54
572150,58,45
572016,64,61
571841,56,55
571823,39,39
571804,51,74
571643,56,50
571607,54,51
571532,56,55
571507,45,41
571492,72,72
571491,72,72
571371,54,49
571289,56,55
571258,50,74
571070,74,51
570779,82,41
570739,63,77
570730,57,39
570716,35,35
570595,55,63
570550,67,72
570543,8,10
570512,67,72
570272,64,61
570246,42,50
570190,60,50
570103,56,55
569927,62,64
569857,61,69
569838,56,55
569804,62,63
569792,62,64
569733,10,12
569554,49,54
569498,56,55
569475,62,63
569457,64,62
569222,61,64
569204,56,55
569096,55,72
568993,82,41
568733,35,34
568694,62,63
568649,75,75
568648,75,75
568511,58,71
568510,58,71
568505,45,77
568474,66,62
568463,77,63
568313,76,58
568258,58,59
568247,74,50
567985,67,72
567934,23,22
567933,51,49
567930,72,69
567927,49,51
567795,62,64
567754,51,74
567719,57,57
567699,62,64
567608,64,61
567538,56,55
567293,69,70
567262,82,42
567248,61,64
567222,48,60
567221,48,60
566619,73,45
566615,66,58
566610,50,62
566607,4,2
566595,58,67
566584,50,67
566582,50,62
566294,48,42
566167,64,61
566065,49,54
565987,77,56
565981,51,74
565826,47,75
565820,67,72
565609,28,28
565374,56,55
565281,82,42
565145,64,61
564607,62,64
564593,66,67
564533,75,50
564422,51,54
564370,64,61
564363,73,72
564362,73,72
564198,62,63
563751,49,54
563734,82,42
563659,55,63
563564,56,55
563445,77,56
563421,82,42
563386,82,41
563117,61,70
563101,73,45
562873,10,12
562864,48,74
562705,62,63
562558,51,74
562516,56,55
562213,82,42
562211,62,63
561946,55,63
561926,56,55
561907,70,69
561876,75,56
561851,74,51
561816,74,51
561691,82,41
561423,56,50
561345,73,45
561257,71,71
561256,71,71
561245,71,71
561238,71,71
561237,71,71
561214,49,49
560877,65,65
560779,63,77
560767,49,54
560729,70,39
560590,58,59
560442,56,77
560304,41,73
560293,39,48
560258,41,47
560242,21,24
560228,54,49
560182,70,70
560160,49,54
560115,66,67
560058,4,5
559980,57,57
559970,66,67
559967,39,57
559939,77,63
559859,82,41
559567,3,5
559455,63,68
559230,64,61
559220,77,56
559212,50,50
559210,50,50
558995,77,45
558983,7,12
558968,55,63
558850,71,70
558784,54,49
558723,51,74
558299,56,55
558271,51,54
558042,45,57
558028,64,64
558017,60,71
558016,60,71
558014,55,63
557996,71,74
557989,71,74
557956,70,74
557934,60,42
557933,60,42
557931,60,42
557927,60,42
557887,14,14
557872,71,71
557861,71,71
557804,77,56
557797,56,55
557767,82,41
557761,55,63
557470,74,51
557276,73,45
557078,45,70
557073,65,72
556927,67,72
556808,49,54
556582,56,55
556455,55,49
556417,14,14
556413,14,14
556312,49,51
556274,51,49
556157,62,63
556051,54,51
556045,27,32
555955,82,41
555916,55,63
555912,56,55
555769,74,51
555527,62,63
555401,73,45
555398,39,57
555367,57,39
555279,66,67
555045,49,54
554996,24,21
554995,39,57
554783,61,71
554734,70,70
554733,70,70
554661,82,42
554595,72,67
554587,67,72
554542,50,50
554528,49,54
554511,82,42
554507,9,9
554506,9,9
554369,9,9
553700,61,64
553590,39,39
553585,51,50
553521,56,55
553504,62,55
553477,82,41
553417,71,71
553416,71,71
553158,82,50
552830,56,55
552689,41,82
552560,56,55
552445,47,46
552310,55,63
552296,10,11
552247,56,77
552197,2,5
552163,56,55
552142,77,56
552095,61,70
551935,74,51
551762,56,55
551571,39,57
551567,39,57
550942,62,64
550940,82,41
550929,82,42
550859,56,55
550834,56,55
550828,71,47
550497,62,63
550442,59,71
550312,67,66
549958,48,50
549778,51,74
549704,56,55
549591,63,41
549362,10,13
549341,62,64
549325,32,27
549272,82,41
549265,55,63
549256,56,55
549215,67,72
549213,71,71
549208,68,76
549184,62,63
549084,56,50
549025,82,41
549019,56,55
548888,51,54
548799,74,51
548733,56,55
548508,82,41
548405,73,45
548389,68,39
548307,73,46
548202,62,63
548129,42,82
548019,41,82
547833,51,74
547766,56,55
547699,62,64
547555,64,61
547538,47,75
547520,61,64
547504,26,24
547475,39,72
547386,55,63
547180,62,63
547147,82,41
547098,56,55
546898,82,41
546685,82,41
546613,73,45
546606,59,72
546604,71,47
546405,56,56
546392,51,54
546269,21,24
546239,39,57
546214,24,21
546185,68,65
546101,60,69
545979,48,71
545978,48,71
545963,54,49
545954,48,48
545951,48,48
545950,48,48
545949,74,60
545948,74,60
545918,48,71
545910,69,60
545906,69,60
545903,69,60
545902,82,41
545899,62,64
545896,50,50
545895,50,50
545865,76,71
545864,76,71
545860,74,74
545858,74,74
545809,50,48
545800,50,48
545768,57,57
545609,62,64
545537,51,54
544946,51,50
544864,48,42
544720,61,64
544641,32,27
544580,56,55
544563,46,73
544559,46,73
544550,46,73
544343,74,51
544286,69,70
544109,73,45
544052,74,51
543946,42,82
543575,68,73
543434,51,74
543145,60,72
543141,60,72
543116,67,72
543024,49,54
543005,71,71
543003,71,71
542997,71,71
542975,56,55
542937,56,50
542895,82,41
542774,70,69
542666,56,55
542307,55,63
542208,12,11
542111,62,63
542108,82,42
542099,74,56
542010,74,51
541746,51,74
541616,51,54
541483,62,64
541466,10,10
541366,82,41
541294,47,46
541252,70,69
541081,42,82
541076,54,51
541058,55,75
540872,82,41
540830,74,51
540809,67,66
540598,82,42
540490,39,57
540416,51,54
540270,51,74
540232,72,67
539928,56,55
539589,55,63
539555,82,42
539507,48,48
539495,50,67
539481,67,72
539405,50,74
539245,55,51
539202,74,51
539048,76,77
539047,62,63
539045,74,51
538997,62,63
538827,82,41
538742,73,45
538727,27,28
538719,68,63
538596,54,49
538360,63,68
538358,49,54
538349,67,66
538272,64,61
538102,48,42
538093,56,55
538055,51,74
537835,42,74
537805,61,64
537766,76,47
537471,55,63
537248,74,51
536875,73,45
536854,66,66
536817,48,48
536793,29,29
536631,56,56
536615,48,66
536614,48,66
536525,28,32
536524,28,32
536391,67,67
536388,35,35
536353,42,49
536215,54,70
536056,31,31
536054,31,31
535995,39,68
535993,39,70
535962,77,77
535923,66,66
535797,69,69
535721,76,76
535712,76,77
535700,49,54
535672,71,71
535555,58,59
535474,55,50
535444,51,54
535045,7,8
534765,82,41
534744,56,55
534739,51,54
534673,68,57
534660,62,64
534617,62,64
534609,64,62
534581,72,39
534437,56,55
534422,49,65
534321,77,63
534304,55,63
533866,62,63
533766,73,45
533703,59,72
533602,47,46
533369,82,41
533276,62,64
533143,56,55
533081,51,74
532698,71,71
532697,71,71
532691,71,71
532690,67,66
532633,3,3
532478,42,41
532457,82,41
532093,56,55
532091,61,70
531978,82,41
531884,82,42
531864,61,70
531814,54,49
531813,73,45
531693,12,12
531630,61,64
531610,82,42
531542,55,61
531353,62,64
530944,34,35
530943,34,35
530935,34,35
530921,71,71
530856,50,48
530855,50,48
530669,28,27
530658,42,48
530636,71,71
530632,71,71
530588,56,50
530493,42,82
530073,56,55
530049,82,42
529832,73,45
529827,39,57
529824,55,63
529816,63,55
529799,12,12
529705,28,27
529607,41,42
529592,51,74
529199,56,55
529167,50,74
529033,51,74
528856,60,67
528849,60,67
528797,54,49
528768,48,42
528270,42,82
528202,74,50
528097,54,54
528049,82,41
527868,73,45
527830,39,76
527663,50,54
527495,49,54
527232,56,55
527163,42,82
527136,62,64
527114,51,74
526954,71,47
526809,59,59
526803,59,59
526802,59,59
526605,51,49
526408,42,82
526384,66,67
526256,54,50
525930,39,77
525921,48,67
525905,29,29
525796,67,77
525778,61,41
525675,5,5
525658,56,74
525657,61,70
525655,61,70
525592,69,69
525591,69,69
525525,62,62
525523,62,73
525427,84,12
525408,9,9
525285,63,68
525272,59,59
525270,59,59
525198,39,59
525161,39,57
525032,54,48
524984,56,55
524968,32,28
524963,77,56
524958,42,74
524729,82,42
524653,71,73
524645,71,71
524644,71,71
524634,71,73
524626,71,71
524624,56,55
524459,82,42
524406,45,41
524373,56,55
524193,2,12
524129,65,77
524030,82,41
523964,68,74
523677,72,67
523636,64,61
523557,70,61
523456,62,63
523217,51,74
522884,62,63
522855,55,63
522792,64,62
522751,47,75
522725,42,82
522715,62,64
522671,32,32
522591,82,42
522568,56,55
522371,42,82
522337,22,25
522001,73,45
521999,49,73
521994,63,77
521993,63,72
521990,72,76
521976,51,70
521943,27,32
521907,64,61
521889,32,27
521847,77,63
521590,82,42
521577,5,4
521496,66,67
521431,56,55
521297,75,50
521224,51,74
521167,51,54
520998,77,56
520992,56,55
520970,62,64
520875,35,35
520727,82,41
520633,62,63
520480,74,51
520142,74,51
520088,76,77
519970,70,70
519811,49,54
519726,56,55
519603,72,39
519569,54,49
519440,55,63
519370,56,55
519296,51,74
519191,62,64
519119,73,45
519095,66,67
519067,82,41
518976,72,67
518653,56,55
518547,74,51
518485,74,51
518412,74,51
518013,63,77
517930,49,54
517790,54,74
517754,51,74
517635,56,50
517388,56,55
517376,51,74
517329,77,56
517146,41,39
517142,41,39
516971,55,63
516795,51,54
516564,74,51
516539,74,51
516473,56,74
516083,73,45
516028,12,12
515792,64,54
515777,42,82
515753,50,50
515752,64,61
515751,50,50
515748,50,75
515747,50,75
515664,73,50
515663,73,50
515656,71,50
515655,71,50
515653,71,50
515546,72,76
515544,72,76
515509,66,66
515507,50,73
515260,63,77
515230,39,72
515229,39,72
515172,60,55
515171,60,55
515149,56,47
515054,55,50
515031,76,76
515030,76,76
514937,50,50
514920,12,12
514754,37,35
514687,32,32
514556,72,39
514267,77,56
514193,59,72
514113,41,61
513884,54,49
513835,76,77
513834,76,77
513814,48,50
513535,74,42
513477,82,41
513458,62,63
513319,74,48
513294,74,51
513072,39,76
512956,57,39
512690,41,42
512581,27,28
512402,56,55
512356,28,28
512151,55,56
512140,56,55
511980,82,42
511959,58,61
511953,67,66
511944,66,67
511915,82,41
511888,54,49
511842,42,50
511797,77,47
511783,74,42
511731,56,55
511427,74,51
511405,61,70
511140,73,45
511137,48,60
511044,41,75
511022,64,64
510907,48,82
510696,56,55
510404,56,55
510394,62,77
510281,64,62
510263,70,70
510194,77,76
510052,55,63
510050,50,60
510049,42,48
510042,50,60
510040,50,60
510004,56,55
509988,74,42
509928,56,55
509908,42,82
509841,42,41
509787,71,50
509786,71,50
509764,74,51
509409,73,45
509294,54,49
509251,62,64
509220,77,56
509163,49,54
509101,74,42
509075,4,5
509021,75,50
508575,42,50
508551,42,48
508542,48,42
508453,56,55
508374,74,51
508320,47,71
508317,47,71
508301,47,47
508298,47,47
508239,56,56
508229,64,62
508226,73,73
508216,73,73
508213,73,73
508089,55,76
508085,64,61
508019,74,42
507910,42,82
507454,55,63
507410,73,45
507371,68,63
507327,39,67
507320,39,70
507270,39,57
507258,51,54
507039,63,68
506864,74,51
506805,56,55
506777,56,55
506645,56,39
506637,62,77
506562,62,63
506558,47,77
506538,50,74
506530,76,76
506526,76,76
506521,76,76
506431,74,42
506406,82,42
506237,56,55
506162,58,67
506103,74,51
506089,74,51
505876,55,65
505750,73,45
505730,47,74
505599,4,5
505490,75,56
505489,82,41
505416,67,61
505347,67,72
505334,47,47
505333,47,47
505321,35,35
505304,46,46
505283,56,50
505240,75,71
505214,3,3
504871,42,82
504810,28,28
504791,74,76
504790,74,76
504772,76,60
504749,68,60
504740,68,60
504672,49,54
504638,73,73
504636,73,73
504596,54,49
504582,71,71
504579,75,75
504572,70,70
504571,70,70
504411,67,67
504319,74,75
503991,42,82
503963,71,71
503962,71,71
503936,64,62
503925,51,54
503867,34,34
503768,10,13
503759,42,82
503701,45,41
503660,54,49
503574,51,54
503539,55,63
503524,82,41
503457,54,49
503433,56,55
503407,49,54
503380,71,47
503331,56,55
503081,64,62
502883,73,45
502836,54,49
502332,56,55
502184,77,56
502176,71,73
502163,71,73
501912,77,56
501851,50,64
501812,51,54
501747,73,73
501745,73,73
501676,70,69
501632,75,70
501625,56,50
501521,56,55
501355,56,55
501024,56,55
500853,70,70
500842,70,61
500791,61,73
500789,54,49
500762,82,42
500692,67,72
500358,41,60
500291,56,55
500137,73,56
500049,66,67
499957,62,64
499951,48,50
499943,39,57
499879,64,61
499848,54,49
499746,51,54
499725,61,61
499709,56,55
499581,82,72
499579,82,72
499569,56,55
499375,56,55
499367,64,61
499184,55,75
499083,39,57
498981,67,66
498966,73,45
498902,70,61
498832,55,50
498712,49,54
498657,64,74
498224,77,56
498032,66,67
497856,77,45
497792,41,47
497522,62,63
497433,56,55
497363,56,55
497235,62,63
497112,61,64
497073,55,63
497049,56,55
496825,75,77
496774,72,67
496676,51,49
496207,56,55
496203,56,55
495982,42,82
495836,32,32
495735,46,46
495678,10,11
495556,82,41
495501,56,55
495468,56,55
495395,46,41
495385,61,64
495193,62,63
495052,67,66
495040,73,45
495038,51,70
495037,22,28
494864,41,69
494861,46,70
494681,76,75
494633,73,73
494627,60,71
494597,55,55
494555,71,59
494544,36,36
494532,68,39
494527,68,39
494526,68,39
494524,68,39
494428,56,55
494399,63,77
494345,34,34
494121,62,63
494033,36,36
493993,59,39
493976,46,46
493936,84,84
493894,60,56
493849,7,7
493844,7,7
493836,7,7
493828,7,7
493822,66,66
493819,66,66
493775,69,69
493774,69,69
493759,50,50
493750,45,39
493727,50,48
493723,50,48
493625,64,62
493620,71,73
493619,71,67
493458,67,72
493096,70,50
493066,56,55
493041,77,56
493015,56,55
492960,3,8
492959,3,3
492921,75,50
492848,48,56
492788,68,57
492733,62,64
492721,66,67
492611,76,67
492591,67,72
492580,60,76
492488,64,61
492160,56,55
492152,27,27
491955,46,41
491800,74,49
491753,73,45
491740,6,10
491739,6,10
491738,6,10
491723,64,61
491716,72,67
491690,59,72
491556,82,42
491492,74,42
491305,64,61
491103,64,61
490965,66,67
490920,57,39
490813,68,68
490775,54,49
490645,75,56
490631,45,41
490378,56,55
490209,42,82
490139,56,55
490053,71,47
490040,56,55
489981,39,57
489899,61,69
489889,67,66
489858,73,45
489821,69,69
489407,56,55
489250,42,56
489042,66,67
489016,61,64
488951,50,48
488950,50,48
488920,67,72
488846,56,55
488762,60,50
488761,60,50
488748,70,70
488747,70,70
488581,56,55
488520,73,45
488162,48,42
487898,73,45
487886,36,36
487755,54,49
487647,49,54
487633,56,55
487317,56,55
487260,56,55
487167,56,55
487137,55,63
486997,66,67
486921,74,42
486865,47,75
486694,77,76
486687,77,76
486678,76,76
486671,76,76
486670,76,76
486623,62,64
486461,56,55
486436,69,61
486322,42,82
486318,74,51
486302,55,51
486301,74,51
486195,62,64
486192,74,51
486133,74,51
486073,55,75
486070,55,51
485974,56,55
485809,73,45
485808,58,59
485737,42,75
485724,54,49
485458,66,67
485124,63,55
484970,51,77
484968,51,77
484838,61,64
484796,5,4
484758,56,55
484752,42,48
484747,48,42
484673,56,55
484664,58,58
484612,39,75
484481,49,54
484473,75,46
484383,42,82
484292,74,51
484184,55,51
484048,77,45
483748,3,3
483743,4,14
483639,77,77
483635,77,77
483604,72,76
483578,76,77
483574,76,77
483569,76,77
483550,82,82
483529,49,54
483469,82,50
483468,82,50
483464,50,50
483459,50,50
483450,50,42
483449,42,50
483184,64,61
483178,71,71
483141,61,64
483075,82,42
483005,74,58
482998,50,50
482997,77,76
482996,50,50
482995,77,76
482989,42,42
482978,42,42
482971,42,42
482951,41,42
482950,41,42
482936,39,69
482685,82,42
482500,64,72
482077,75,55
482005,51,54
482000,73,73
481981,76,66
481977,67,66
481935,62,64
481917,55,63
481913,74,39
481704,55,63
481616,55,63
481369,74,51
481306,76,39
481213,64,63
481125,12,11
480982,74,54
480939,75,42
480931,50,71
480930,50,71
480884,69,70
480812,63,77
480571,82,42
480307,51,50
480267,63,71
480159,48,50
480158,48,50
480036,54,49
479812,10,11
479604,55,63
479463,74,51
479203,74,50
479069,41,42
479050,82,48
478816,73,77
478485,42,50
478440,56,55
478130,42,50
478032,50,48
478031,50,48
478008,62,69
477986,60,72
477970,66,67
477914,74,42
477895,56,50
477828,27,27
477824,54,49
477444,82,42
477426,56,55
477410,64,62
477341,50,50
477242,64,62
477128,73,45
477127,63,77
477085,59,72
477043,56,55
477008,54,49
477007,45,82
476898,49,54
476756,65,76
476494,73,45
476413,56,55
476224,61,64
476130,49,54
476083,64,61
476013,54,49
476001,67,72
475881,42,82
475803,62,47
475784,62,63
475624,74,51
475589,82,41
475254,63,62
475200,73,45
475091,64,62
475053,72,67
475047,54,49
474994,54,49
474959,71,71
474898,67,72
474790,49,54
474613,64,62
474595,64,61
474485,56,55
474427,67,72
474353,49,54
474326,51,74
474246,57,39
474194,48,82
474176,62,63
474149,77,56
474046,27,27
474011,38,29
473287,63,77
473285,73,45
473267,56,55
473196,9,9
473055,10,10
473054,10,10
473016,32,38
472984,9,84
472982,56,77
472975,56,77
472965,34,34
472900,55,55
472899,55,55
472897,55,55
472895,55,55
472871,48,50
472865,48,50
472861,48,50
472855,48,50
472842,28,28
472839,28,28
472796,66,58
472590,63,77
472512,48,47
472405,60,59
472374,35,35
472314,54,49
472295,47,74
472273,74,74
472206,50,71
471873,27,28
471806,14,9
471645,62,63
471251,51,51
471213,56,82
471211,56,82
471210,63,55
471159,64,61
471128,74,74
471112,45,45
471110,45,45
471100,26,26
471036,56,56
470969,56,55
470432,56,55
470335,61,64
470319,61,75
470304,56,55
470140,64,61
469860,56,55
469759,56,55
469498,73,73
469497,73,73
469493,60,71
469464,50,76
469343,39,76
469279,82,46
469277,82,46
469267,82,60
469264,82,60
469263,82,60
469262,62,63
469123,54,51
469068,56,82
468936,28,28
468931,55,65
468524,48,82
468440,74,75
467755,62,63
467734,67,60
467731,67,60
467588,50,60
467584,50,60
467582,50,60
467484,62,63
467456,56,70
467320,74,63
467302,37,37
467267,28,28
467248,74,51
466867,73,45
466809,58,82
466504,56,55
466151,56,55
465953,75,77
465926,74,50
465905,60,50
465877,54,49
465858,64,61
465733,10,11
465703,77,48
465702,77,48
465651,47,76
465485,76,76
465480,76,76
465432,62,64
465344,56,55
465343,74,51
465272,82,41
464915,54,49
464912,73,45
464844,70,54
464377,49,54
464191,56,55
464027,77,56
463911,28,29
463908,62,64
463905,28,29
463902,77,75
463873,64,62
463866,13,10
463809,82,42
463757,60,50
463756,60,50
463748,60,48
463728,76,77
463719,74,48
463710,74,48
463687,39,39
463682,39,39
463663,61,64
463643,39,39
463639,39,39
463503,74,50
463079,55,62
462952,73,45
462939,48,60
462938,48,60
462888,29,29
462752,58,58
462751,58,58
462749,58,58
462719,50,50
462704,35,35
462690,55,62
462666,76,67
462567,2,2
462525,66,48
462515,68,57
462383,54,54
462279,46,60
462274,46,60
462266,63,68
462198,45,45
462194,45,45
462150,56,55
462109,48,76
462103,50,47
462102,50,47
461987,49,54
461834,11,11
461708,62,63
461690,56,55
461276,56,55
461172,70,70
461158,57,69
461151,49,76
461128,71,77
461125,71,77
460656,35,37
460655,68,57
460649,39,39
460631,39,39
460624,67,66
460568,56,55
460486,74,51
460440,82,41
460178,63,77
460177,63,77
459995,57,39
459953,75,55
459920,5,7
459794,69,69
459467,45,41
459027,76,47
458884,42,82
458829,74,51
458721,82,41
458716,74,51
458289,54,49
458196,77,75
458129,72,67
458112,51,61
458058,49,54
458045,38,38
457535,12,8
457513,56,55
457490,55,51
457412,51,49
457377,60,66
457374,60,66
457366,60,66
457365,60,66
456709,74,51
456533,73,45
456513,7,7
456512,7,9
456511,7,7
456481,70,70
456459,76,45
456239,5,4
456219,56,55
455960,62,63
455911,72,72
455909,72,72
455898,72,72
455897,72,72
455858,72,72
455781,55,63
455755,51,74
455661,47,60
455433,46,82
455431,77,77
455421,46,82
455354,47,60
455349,47,60
455329,47,60
455314,63,63
455290,4,4
454964,74,51
454880,74,51
454497,66,67
454457,16,16
454455,62,63
454392,29,31
454380,12,8
454375,9,9
454265,56,55
454149,49,54
454009,56,55
453845,2,2
453821,51,74
453561,35,36
453469,60,60
453407,51,70
453286,39,57
453282,77,39
453281,77,39
453274,56,73
453272,56,73
453233,82,41
452996,74,51
452903,74,51
452884,74,51
452807,72,72
452478,73,45
452362,39,39
452361,39,39
452338,62,63
452207,2,2
452110,82,41
452037,51,49
452017,76,47
452013,76,47
452009,67,67
451992,50,66
451987,50,66
451986,50,66
451980,49,51
451977,55,55
451943,3,3
451549,57,39
451548,57,39
451545,68,68
451492,39,46
451356,59,59
451353,59,59
451348,71,76
451345,71,76
451344,59,58
451326,65,67
451312,39,71
451293,41,60
451284,56,55
451261,72,72
451242,72,72
451194,75,77
451193,75,77
451190,47,56
451125,39,57
451120,56,55
451041,64,61
450885,58,72
450656,64,61
450636,39,74
450247,59,72
450239,73,50
450200,56,75
450099,64,64
450081,74,50
450079,74,50
450007,39,72
450005,39,72
449984,39,72
449918,71,48
449917,71,48
449904,39,58
449874,62,63
449624,57,49
449331,63,77
449329,73,45
449312,72,67
449177,64,61
449114,23,23
449113,23,23
448813,42,82
448797,3,3
448667,51,74
448505,56,55
448392,63,62
448322,66,67
448287,51,49
448201,62,62
448134,50,60
448131,50,60
447393,77,63
446806,51,74
446599,55,55
446588,67,72
446585,55,55
446583,55,55
446522,42,50
446448,61,69
446398,82,82
446394,82,82
446389,71,60
446388,71,60
446344,56,55
446340,66,67
446102,75,77
446099,42,82
445984,74,51
445943,56,60
445597,70,70
445560,84,2
445491,59,72
445442,54,49
445382,67,72
445299,82,70
445014,48,61
444900,45,45
444899,45,45
444586,42,82
444574,62,64
444540,71,71
444537,71,71
444536,71,71
444526,71,71
444468,39,39
444466,39,39
444414,67,72
444376,66,66
444374,66,66
444369,70,57
444308,76,39
444291,76,39
444286,76,39
444191,56,46
443907,67,39
443683,73,45
443359,75,56
443356,3,3
442853,55,56
442775,76,48
442774,76,48
442771,76,48
442766,60,60
442763,60,60
442760,60,60
442758,60,60
442756,60,55
442738,39,39
442735,39,39
442711,66,67
442580,77,76
442578,77,76
442575,16,8
442562,71,76
442561,71,76
442540,55,63
442530,72,60
442517,72,60
442505,72,60
442364,56,55
442320,74,51
442208,82,41
442164,62,63
442162,42,82
441866,73,45
441698,57,57
441692,56,55
441673,61,69
441653,66,66
441638,76,76
441636,76,76
441625,64,57
441606,34,34
441602,34,34
441545,48,50
441544,48,75
441539,48,50
441516,60,60
441515,60,60
441506,56,56
441503,61,64
441493,76,39
441492,76,39
441486,32,32
441451,57,50
441394,56,55
441166,50,50
441165,50,50
441162,50,50
441155,59,58
441154,59,58
441140,50,50
441121,58,58
441054,70,70
441052,47,62
441049,67,67
441003,75,75
441001,73,46
440951,76,73
440947,39,73
440945,39,73
440924,60,50
440851,54,49
440832,28,28
440831,28,28
440323,59,72
440300,82,69
440204,42,50
440033,64,55
440031,42,82
439972,82,41
439963,55,63
439928,39,67
439925,39,67
439902,39,59
439900,39,59
439787,63,77
439694,56,55
439500,64,62
439191,73,45
439188,76,57
439159,54,74
438742,62,63
438577,56,55
438529,51,74
438425,66,67
438411,67,66
438348,61,64
438252,64,61
438224,39,76
438208,4,5
438101,62,64
438097,76,25
437980,70,70
437941,82,41
437905,67,66
437657,74,51
437655,74,51
437419,55,63
437311,63,77
437297,73,45
437217,77,63
436993,66,67
436941,51,74
436873,49,51
436791,56,55
436711,77,75
436499,45,41
436468,74,51
436393,71,59
436389,59,59
436381,71,59
436352,55,63
436226,76,76
436221,76,76
436209,7,11
436065,57,68
435817,74,51
435764,82,41
435397,73,45
435364,59,72
435327,77,63
435321,54,49
435272,62,64
435135,56,55
435114,64,62
435081,82,75
434969,67,60
434707,56,55
434706,51,74
434644,11,10
434530,55,63
434270,66,67
434222,50,74
434221,50,74
434171,58,39
434168,58,39
434048,56,55
433973,74,51
433469,54,49
433468,39,72
433467,73,45
433342,54,49
433231,51,69
433207,51,70
433194,31,31
433193,73,39
433192,73,39
433179,70,29
433173,72,72
433172,60,60
433169,72,72
433063,34,34
433027,54,49
433020,41,42
433002,76,71
433001,76,71
432966,27,27
432965,27,27
